"","SAMPLE_ID","FQCbasicStats","perBaseQual","perTileQual","perSeqQual","perBaseContent","GCcontent","Ncontent","SeqLengthDist","SeqDuplication","OverrepSeqs","AdapterContent","KmerContent","SeqLength_R1","percentGC_R1","phred20-21_R1","phred48-49_R1","phred76-77_R1","phred100-101_R1","phredGT30_R1","phredGT35_R1","Adapter50-51_R1","Adapter70-71_R1","Adapter88-89_R1","SeqLength_R2","percentGC_R2","phred20-21_R2","phred48-49_R2","phred76-77_R2","phred100-101_R2","phredGT30_R2","phredGT35_R2","Adapter50-51_R2","Adapter70-71_R2","Adapter88-89_R2","bamFile","trimmed","numReads","numMapped","numUnmapped","overallMapRate","concordMapRate","totalMapped","mitoMapped","mitoRate","totalAssignedGene","gene_Assigned","gene_Unassigned_Ambiguity","gene_Unassigned_MultiMapping","gene_Unassigned_NoFeatures","gene_Unassigned_Unmapped","gene_Unassigned_MappingQuality","gene_Unassigned_FragmentLength","gene_Unassigned_Chimera","gene_Unassigned_Secondary","gene_Unassigned_Nonjunction","gene_Unassigned_Duplicate","rRNA_rate"
"SRR2453299","SRR2453299","PASS","PASS","PASS/WARN","PASS","FAIL","PASS","PASS","PASS","FAIL","WARN","PASS","FAIL","101","48","41.0","40.0","34.0","34.5",0.954743077238683,0.85651058817195,0.0480498153470688,0.0584219155559554,0.0751889326243566,"101","48","41.0","40.0","35.0","34.5",0.924242958626694,0.814487425018603,0.0457258833310149,0.0549301549384939,0.0704331968740464,"/dcl01/lieber/ajaffe/lab/libd_stem_timecourse/scorecard/HISAT2_out/SRR2453299_accepted_hits.sorted.bam",FALSE,42643244,41261783,1381461,0.9676,0.9379,41382511,936466,0.022128748528113,0.882550417176941,19125345,1059009,1014628,471559,0,0,0,0,0,0,0,1.20259268525614e-06
"SRR2453300","SRR2453300","PASS","PASS","PASS","PASS","FAIL","PASS","PASS","PASS","FAIL","WARN","PASS","FAIL","101","48","41.0","40.0","33.5","34.5",0.957463440304701,0.874013296032815,0.0538491685696016,0.0655244237357109,0.082323924827153,"101","48","41.0","40.0","35.0","34.5",0.933133813647259,0.838341760897271,0.0511055154529614,0.0615227984994272,0.0777538235823721,"/dcl01/lieber/ajaffe/lab/libd_stem_timecourse/scorecard/HISAT2_out/SRR2453300_accepted_hits.sorted.bam",FALSE,62799484,60600131,2199353,0.965,0.9351,60999344,1369211,0.0219535469436481,0.876603944120164,27998197,1555704,1690511,694980,0,0,0,0,0,0,0,1.32151366746937e-06
"SRR2453301","SRR2453301","PASS","PASS","PASS","PASS","FAIL","PASS","PASS","PASS","FAIL","WARN/PASS","PASS","FAIL","101","47","41.0","40.0","34.0","34.5",0.928150440991479,0.795250343529907,0.0546834857767886,0.0690384112813003,0.0884418599461754,"101","47","41.0","40.0","35.0","34.5",0.90190993121038,0.768187874389934,0.050595497034252,0.0645314139024158,0.0828942836146452,"/dcl01/lieber/ajaffe/lab/libd_stem_timecourse/scorecard/HISAT2_out/SRR2453301_accepted_hits.sorted.bam",FALSE,122431844,113473839,8958005,0.9268,0.8921,112187357,6005425,0.0508104208935534,0.780990516719752,48002691,2736237,5039181,5685750,0,0,0,0,0,0,0,4.68723722176325e-06
"SRR2453302","SRR2453302","PASS","PASS","PASS","PASS","FAIL","PASS","PASS","PASS","FAIL","WARN/PASS","PASS","FAIL","101","49","41.0","40.0","33.5","34.5",0.920368865015632,0.764117651019303,0.0904689427129309,0.114281483106945,0.163715528658104,"101","49","40.0","39.0","35.0","34.5",0.879050744858687,0.715769935201947,0.0874284402602768,0.110926578130814,0.160217992293273,"/dcl01/lieber/ajaffe/lab/libd_stem_timecourse/scorecard/HISAT2_out/SRR2453302_accepted_hits.sorted.bam",FALSE,130406078,125091453,5314625,0.9592,0.9289,127064030,3077267,0.0236455842298852,0.864047786523727,57819001,2788218,4773655,1535565,0,0,0,0,0,0,0,1.12419790857334e-06
"SRR2453303","SRR2453303","PASS","PASS","PASS","PASS","FAIL","PASS","PASS","PASS","WARN","PASS","PASS","FAIL","101","47","41.0","40.0","34.5","34.5",0.950064595648769,0.84405935315982,0.0207262740674151,0.03072932188306,0.0487055907477626,"101","47","41.0","40.0","35.0","34.5",0.919413442599523,0.80515372503454,0.0193128277772977,0.0294888721923677,0.0475061476584154,"/dcl01/lieber/ajaffe/lab/libd_stem_timecourse/scorecard/HISAT2_out/SRR2453303_accepted_hits.sorted.bam",FALSE,78036216,74230664,3805552,0.9512,0.9185,73944857,2970653,0.0386222882744976,0.798122420316394,31638568,1863153,2659090,3480436,0,0,0,0,0,0,0,3.72962518404752e-06
"SRR2453304","SRR2453304","PASS","PASS","PASS","PASS","FAIL","PASS","PASS","PASS","PASS","PASS","PASS","FAIL","101","47","41.0","40.0","33.5","34.5",0.961014290996077,0.877578274469813,0.0227261393660451,0.0332049875802582,0.0508344963683212,"101","47","41.0","40.0","35.0","34.5",0.938604274535279,0.844845823629781,0.021891346426548,0.0323372422878863,0.0502852904870731,"/dcl01/lieber/ajaffe/lab/libd_stem_timecourse/scorecard/HISAT2_out/SRR2453304_accepted_hits.sorted.bam",FALSE,9104054,8663571,440483,0.9516,0.9202,8556803,343860,0.0386330771089749,0.811856605112891,3714835,218183,236200,406510,0,0,0,0,0,0,0,6.99896496075869e-06
"SRR2453305","SRR2453305","PASS","PASS","PASS","PASS","FAIL","PASS","PASS","PASS","FAIL","WARN/PASS","PASS","FAIL","101","48","41.0","40.0","33.5","34.5",0.928706954014549,0.780691630195512,0.0230287729909098,0.0305243503080157,0.0433260842725021,"101","48","40.0","39.0","35.0","34.5",0.888695999825697,0.734060813816166,0.021821580283452,0.0291922755963381,0.0419160690191838,"/dcl01/lieber/ajaffe/lab/libd_stem_timecourse/scorecard/HISAT2_out/SRR2453305_accepted_hits.sorted.bam",FALSE,112906580,108785086,4121494,0.9635,0.9322,108994058,3403711,0.0302827274089399,0.867540033138217,50183896,2541646,3526139,1594521,0,0,0,0,0,0,0,1.33508964708519e-06
"SRR2453306","SRR2453306","PASS","PASS","PASS","PASS","FAIL","PASS","PASS","PASS","FAIL","WARN/PASS","PASS","FAIL","101","47","41.0","40.0","34.5","34.5",0.949918124613646,0.845500647065893,0.0253824034931581,0.0354207564284336,0.0532839459253006,"101","47","41.0","40.0","35.0","34.5",0.919877156807657,0.807672146629077,0.0240711478545341,0.0344533261757727,0.0523457295943229,"/dcl01/lieber/ajaffe/lab/libd_stem_timecourse/scorecard/HISAT2_out/SRR2453306_accepted_hits.sorted.bam",FALSE,88998664,84597593,4401071,0.9505,0.9187,85269664,2463837,0.0280831948106117,0.803527742317588,36289353,2200299,3055931,3616956,0,0,0,0,0,0,0,3.60987422399071e-06
"SRR2453307","SRR2453307","PASS","PASS","PASS","PASS","FAIL","PASS","PASS","PASS","FAIL","WARN/PASS","PASS","FAIL","101","48","41.0","40.0","33.5","34.5",0.928663622941267,0.786266765843192,0.0616356465051217,0.0723153792407843,0.0866507616087405,"101","47","40.5","39.0","35.0","34.5",0.88735478209635,0.738338901434533,0.0577916584064554,0.0660606587725477,0.0794910748095832,"/dcl01/lieber/ajaffe/lab/libd_stem_timecourse/scorecard/HISAT2_out/SRR2453307_accepted_hits.sorted.bam",FALSE,106191796,102163019,4028777,0.9621,0.932,101541694,3755667,0.0356672471592142,0.877047902728397,47395331,2192133,2971592,1480559,0,0,0,0,0,0,0,1.26594748330801e-06
"SRR2453308","SRR2453308","PASS","PASS","PASS","PASS","FAIL","PASS","PASS","PASS","FAIL","PASS","PASS","FAIL","101","46","41.0","40.0","34.5","34.5",0.951482252117144,0.849462141878122,0.0256346221244806,0.0355674325942808,0.0534704413418454,"101","46","41.0","40.0","35.0","34.5",0.922316774566155,0.812409010940352,0.0241071302880149,0.0339485289184096,0.0518250282325466,"/dcl01/lieber/ajaffe/lab/libd_stem_timecourse/scorecard/HISAT2_out/SRR2453308_accepted_hits.sorted.bam",FALSE,109395020,103205699,6189321,0.9434,0.9099,102811210,4357947,0.0406641903509608,0.790497787481535,43761235,2530651,3967904,5099296,0,0,0,0,0,0,0,4.77591640181087e-06
"SRR2453309","SRR2453309","PASS","PASS","PASS/WARN","PASS","FAIL","PASS","PASS","PASS","FAIL","PASS","PASS","FAIL","101","48","41.0","40.0","34.0","34.5",0.957245422031827,0.859049932777418,0.0225469946039394,0.0313840308974393,0.0519645368040474,"101","48","41.0","40.0","35.0","34.5",0.930967995449967,0.822645916477727,0.0216527822769491,0.0304586816885516,0.0507725780439134,"/dcl01/lieber/ajaffe/lab/libd_stem_timecourse/scorecard/HISAT2_out/SRR2453309_accepted_hits.sorted.bam",FALSE,102772012,100019117,2752895,0.9732,0.9497,99958446,3293747,0.0319000197894102,0.868227784290661,45736195,2679108,3064770,1197572,0,0,0,0,0,0,0,1.85848429236407e-06
"SRR2453310","SRR2453310","PASS","PASS","PASS","PASS","FAIL","PASS","PASS","PASS","FAIL","PASS","PASS","FAIL","101","46","41.0","40.0","34.0","34.5",0.934467263023542,0.805270419835591,0.0366441744312838,0.0485288050834699,0.0700314611997647,"101","46","41.0","40.0","35.0","34.5",0.912846629269563,0.784395054305949,0.0338247235759254,0.0456572340978628,0.067041378965616,"/dcl01/lieber/ajaffe/lab/libd_stem_timecourse/scorecard/HISAT2_out/SRR2453310_accepted_hits.sorted.bam",FALSE,161166136,151816899,9349237,0.942,0.9062,148979665,9146113,0.0578407462444232,0.785379438845149,64136877,3720925,6258390,7547363,0,0,0,0,0,0,0,3.461347205914e-06
"SRR2453311","SRR2453311","PASS","PASS","PASS/WARN","PASS","FAIL","PASS","PASS","PASS","FAIL","WARN","PASS","FAIL","101","48","41.0","40.0","34.0","34.5",0.952848546369907,0.854855337822574,0.0516187977877283,0.0652086727189603,0.0916754697126258,"101","48","41.0","40.0","35.0","34.5",0.921653802847674,0.813420655104866,0.0465919329323974,0.0585715613016321,0.0832286196082645,"/dcl01/lieber/ajaffe/lab/libd_stem_timecourse/scorecard/HISAT2_out/SRR2453311_accepted_hits.sorted.bam",FALSE,118801682,114742047,4059635,0.9658,0.9388,115909216,2588260,0.021842321772322,0.869272884122949,52730154,2989699,3609614,1330603,0,0,0,0,0,0,0,2.06712842143416e-06
"SRR2453312","SRR2453312","PASS","PASS","PASS","PASS","FAIL","PASS","PASS","PASS","WARN","PASS","PASS","FAIL","101","46","41.0","40.0","34.0","34.5",0.934556305831856,0.803500476990971,0.0258387640552919,0.0365562177547231,0.0598400904482967,"101","46","41.0","40.0","35.0","34.5",0.914080429382569,0.784067314117745,0.0237466983931346,0.0346792024176144,0.058510050937942,"/dcl01/lieber/ajaffe/lab/libd_stem_timecourse/scorecard/HISAT2_out/SRR2453312_accepted_hits.sorted.bam",FALSE,42780684,40593281,2187403,0.9489,0.9158,39785494,2160446,0.0515054853938188,0.796050643891437,17223741,1011328,1384835,2016585,0,0,0,0,0,0,0,5.1672862475115e-06
"SRR2453313","SRR2453313","PASS","PASS","PASS","PASS","FAIL","PASS","PASS","PASS","PASS","PASS","PASS","WARN","101","46","41.0","41.0","34.5","35.0",0.970813950330368,0.912379773650497,0.037246404364037,0.0536387021180013,0.081088526167539,"101","46","41.0","41.0","35.5","34.5",0.957273330410525,0.890901013800569,0.0333665705761165,0.0507288267770609,0.0775966757584105,"/dcl01/lieber/ajaffe/lab/libd_stem_timecourse/scorecard/HISAT2_out/SRR2453313_accepted_hits.sorted.bam",FALSE,1030972,963800,67172,0.9348,0.9036,934071,51013,0.0517854314961973,0.814121563849555,412285,24159,21923,48050,0,0,0,0,0,0,0,9.70202651078744e-06
"SRR2453314","SRR2453314","PASS","PASS","PASS","PASS","FAIL","PASS","PASS","PASS","WARN","PASS","PASS","FAIL","101","46","41.0","40.0","33.5","34.5",0.963295354353714,0.883272500022055,0.0315031964408686,0.0431794558032825,0.0671644385769079,"101","46","41.0","40.0","35.0","34.5",0.944455450400029,0.855615009338413,0.0298555465086168,0.0420896715961239,0.0666195464733286,"/dcl01/lieber/ajaffe/lab/libd_stem_timecourse/scorecard/HISAT2_out/SRR2453314_accepted_hits.sorted.bam",FALSE,30831792,29366554,1465238,0.9525,0.9215,28805594,1553280,0.0511639529186754,0.795734006507168,12437196,732539,1014606,1445500,0,0,0,0,0,0,0,4.66343056746874e-06
"SRR2453315","SRR2453315","PASS","PASS","WARN/PASS","PASS","FAIL","PASS","PASS","PASS","FAIL","PASS","PASS","FAIL","101","46","41.0","40.0","34.0","34.5",0.937640620274426,0.809673301652025,0.0349558664540512,0.0589748805401678,0.0995849911545842,"101","45","41.0","40.0","35.0","34.5",0.913916456583519,0.786702550630693,0.0325186260194373,0.0565040296188669,0.0967069731945613,"/dcl01/lieber/ajaffe/lab/libd_stem_timecourse/scorecard/HISAT2_out/SRR2453315_accepted_hits.sorted.bam",FALSE,104134166,98699284,5434882,0.9478,0.9156,98221154,4193904,0.0409500720099187,0.769030414903345,40555731,2367068,3598433,6214954,0,0,0,0,0,0,0,6.04106975657768e-06
"SRR2453316","SRR2453316","PASS","PASS","WARN/PASS","PASS","FAIL","PASS","PASS","PASS","FAIL","PASS","PASS","FAIL","101","46","41.0","40.0","34.0","34.5",0.936659873480627,0.810134830966224,0.0220188825595504,0.0305257275815445,0.0449743803522109,"101","45","41.0","40.0","35.0","34.5",0.910629482744574,0.78472052491684,0.019583682953464,0.0278863557659124,0.0423003190835007,"/dcl01/lieber/ajaffe/lab/libd_stem_timecourse/scorecard/HISAT2_out/SRR2453316_accepted_hits.sorted.bam",FALSE,100895220,95222589,5672631,0.9438,0.9101,95197647,3524308,0.0356993335474363,0.776524774888326,39537325,2276741,3409341,5692322,0,0,0,0,0,0,0,6.80369751873704e-06
"SRR2453317","SRR2453317","PASS","PASS","PASS","PASS","FAIL","PASS","PASS","PASS","FAIL","WARN","PASS","FAIL","101","45","41.0","40.0","34.0","34.5",0.93784427177751,0.811362590066979,0.0265773546104846,0.0348651766444658,0.0492742946205575,"101","45","41.0","40.0","35.0","34.5",0.909665621095536,0.783352298259429,0.0238420108574279,0.0317915165046906,0.0459980164250003,"/dcl01/lieber/ajaffe/lab/libd_stem_timecourse/scorecard/HISAT2_out/SRR2453317_accepted_hits.sorted.bam",FALSE,107591596,101496343,6095253,0.9433,0.9081,100768243,4525217,0.0429771896564136,0.775742328797236,42114131,2426044,3659223,6089416,0,0,0,0,0,0,0,5.69879976865722e-06
"SRR2453318","SRR2453318","PASS","PASS","PASS","PASS","FAIL","PASS","PASS","PASS","FAIL","PASS","PASS","FAIL","101","48","41.0","40.0","34.5","34.5",0.958829691019284,0.86873991603425,0.0251462762836007,0.0322591689762922,0.0447098888037531,"101","48","41.0","40.0","35.0","34.5",0.930976201724241,0.83038270219114,0.02382687889572,0.0309504589015681,0.043097076091027,"/dcl01/lieber/ajaffe/lab/libd_stem_timecourse/scorecard/HISAT2_out/SRR2453318_accepted_hits.sorted.bam",FALSE,102925776,99482008,3443768,0.9665,0.9387,100037779,2447813,0.0238844597785023,0.876810591937722,46042628,2364844,2895600,1208415,0,0,0,0,0,0,0,1.19454519407537e-06
"SRR2453319","SRR2453319","PASS","PASS","PASS","PASS","FAIL","PASS","PASS","PASS","FAIL","WARN","PASS","FAIL","101","47","41.0","40.0","34.0","34.5",0.951447379103153,0.847694925159847,0.0361759965448853,0.0466410075421543,0.0639703919501067,"101","47","41.0","40.0","35.0","34.5",0.917114983869658,0.803660975756409,0.0343850361338838,0.0446628794853264,0.0617197010090442,"/dcl01/lieber/ajaffe/lab/libd_stem_timecourse/scorecard/HISAT2_out/SRR2453319_accepted_hits.sorted.bam",FALSE,85484860,82322869,3161991,0.963,0.9285,82137594,2680033,0.0315975946839447,0.87472637080022,38196065,1858208,2414868,1197160,0,0,0,0,0,0,0,1.20431253847746e-06
"SRR2453320","SRR2453320","PASS","PASS","PASS","PASS","FAIL","PASS","PASS","PASS","FAIL","WARN","PASS","FAIL","101","47","41.0","40.0","34.0","34.5",0.951206937047435,0.848909814399319,0.050102961783386,0.0616342503689214,0.0799385904470394,"101","47","41.0","40.0","35.0","34.5",0.919437293845569,0.807386272277665,0.0478611698356498,0.0589478311694151,0.0768946038772284,"/dcl01/lieber/ajaffe/lab/libd_stem_timecourse/scorecard/HISAT2_out/SRR2453320_accepted_hits.sorted.bam",FALSE,96485314,93189198,3296116,0.9658,0.9315,93258980,3015507,0.0313219742214778,0.870285265454911,43165580,2121095,3045205,1267466,0,0,0,0,0,0,0,1.18149692416967e-06
"SRR2453321","SRR2453321","PASS","PASS","PASS","PASS","FAIL","PASS","PASS","PASS","WARN","WARN/PASS","PASS","FAIL","101","47","41.0","41.0","34.5","34.5",0.966996770930562,0.904807447237463,0.0538810065413751,0.0694033185359728,0.0962229507814834,"101","47","41.0","41.0","35.0","34.5",0.951387047208212,0.881387861988804,0.0515762158567511,0.0679981928682909,0.095920773218541,"/dcl01/lieber/ajaffe/lab/libd_stem_timecourse/scorecard/HISAT2_out/SRR2453321_accepted_hits.sorted.bam",FALSE,72804876,68874704,3930172,0.946,0.9134,68920312,2408791,0.0337701008240634,0.790290248650049,28990949,1703453,2352355,3637169,0,0,0,0,0,0,0,4.38067756940278e-06
"SRR2453322","SRR2453322","PASS","PASS","PASS","PASS","FAIL","PASS","PASS","PASS","PASS","PASS","PASS","FAIL","101","47","41.0","40.0","33.5","34.5",0.959418633651657,0.875612356614542,0.0441001120618907,0.0577135739347583,0.0829588654182071,"101","47","41.0","40.0","35.0","34.5",0.938119487266137,0.844991916933728,0.0424761116575908,0.0568634654198721,0.0827536668111656,"/dcl01/lieber/ajaffe/lab/libd_stem_timecourse/scorecard/HISAT2_out/SRR2453322_accepted_hits.sorted.bam",FALSE,17056646,16201265,855381,0.9499,0.918,16109174,564178,0.0338371072595361,0.799120691428271,6845852,399898,461584,859397,0,0,0,0,0,0,0,5.25865881996865e-06
"SRR2453323","SRR2453323","PASS","PASS","PASS","PASS","FAIL","PASS","PASS","PASS","FAIL","WARN","PASS","FAIL","101","47","41.0","40.0","34.0","34.5",0.951028042626278,0.848968356099154,0.070094439421574,0.0788253566703247,0.0930725845812184,"101","47","41.0","40.0","35.0","34.5",0.917565337965662,0.805212000673214,0.0671704058146811,0.0756919732394641,0.0896188844798062,"/dcl01/lieber/ajaffe/lab/libd_stem_timecourse/scorecard/HISAT2_out/SRR2453323_accepted_hits.sorted.bam",FALSE,87413496,84453751,2959745,0.9661,0.9323,84983026,1952985,0.0224646263100339,0.880332160398804,39297179,1911993,2347591,1082273,0,0,0,0,0,0,0,1.22146172375376e-06
"SRR2453324","SRR2453324","PASS","PASS","PASS","PASS","FAIL","PASS","PASS","PASS","WARN","PASS","PASS","FAIL","101","46","41.0","41.0","34.5","35.0",0.969115698232152,0.911933944330912,0.0364514424516202,0.0476690224757744,0.068085887539113,"101","46","41.0","41.0","35.5","34.5",0.955636137391612,0.891276746910901,0.0341661115147931,0.045777000305249,0.0666865363495341,"/dcl01/lieber/ajaffe/lab/libd_stem_timecourse/scorecard/HISAT2_out/SRR2453324_accepted_hits.sorted.bam",FALSE,48308102,46050027,2258075,0.9533,0.9209,45610308,1997549,0.0419583893473718,0.795226590882564,19451811,1154728,1516013,2338163,0,0,0,0,0,0,0,3.6500457463832e-06
"SRR2453325","SRR2453325","PASS","PASS","PASS","PASS","FAIL","PASS","PASS","PASS","WARN","PASS","PASS","FAIL","101","46","41.0","40.0","34.0","34.5",0.962687424497974,0.884557587565665,0.0313377202328125,0.0416437973766124,0.060992718341776,"101","46","41.0","40.0","35.0","34.5",0.943290166982284,0.856399640116744,0.0297169680455359,0.0401994211626571,0.0596985000510537,"/dcl01/lieber/ajaffe/lab/libd_stem_timecourse/scorecard/HISAT2_out/SRR2453325_accepted_hits.sorted.bam",FALSE,41955828,40234816,1721012,0.959,0.9274,39843911,1754460,0.0421761707928419,0.795090485998869,16982158,1007150,1319942,2049524,0,0,0,0,0,0,0,4.12197319092191e-06
"SRR2453326","SRR2453326","PASS","PASS","PASS","PASS","FAIL","PASS","PASS","PASS","WARN","WARN/PASS","PASS","FAIL","101","47","41.0","41.0","34.5","34.5",0.967171173345842,0.904245965537496,0.0460883647265259,0.0584923119705676,0.0771263859879183,"101","47","41.0","41.0","35.0","34.5",0.952439656038709,0.88159758335999,0.0436771301220767,0.0564156030461312,0.0755696823284524,"/dcl01/lieber/ajaffe/lab/libd_stem_timecourse/scorecard/HISAT2_out/SRR2453326_accepted_hits.sorted.bam",FALSE,30192002,28665008,1526994,0.9494,0.9181,28705289,888394,0.0300197173836051,0.782076805832666,11888355,695205,885023,1732424,0,0,0,0,0,0,0,6.89750600482573e-06
"SRR2453327","SRR2453327","PASS","PASS","PASS","PASS","FAIL","PASS","PASS","PASS","WARN","WARN/PASS","PASS","FAIL","101","47","41.0","40.0","33.5","34.5",0.959105725399594,0.874014165430233,0.0395694783286414,0.0507923713701604,0.0681974341561007,"101","47","41.0","40.0","35.0","34.5",0.937882364604496,0.843127263137091,0.0379371300875386,0.0497526972459372,0.0676985502193333,"/dcl01/lieber/ajaffe/lab/libd_stem_timecourse/scorecard/HISAT2_out/SRR2453327_accepted_hits.sorted.bam",FALSE,50111856,47783502,2328354,0.9535,0.9226,47919915,1483977,0.0300376537135981,0.778912297375577,19759490,1155903,1556843,2895819,0,0,0,0,0,0,0,5.26329373885662e-06
"SRR2453328","SRR2453328","PASS","PASS","PASS","PASS","FAIL","PASS","PASS","PASS","FAIL","WARN/PASS","PASS","FAIL","101","45","41.0","40.0","34.5","34.5",0.95117190500367,0.847763542294466,0.0282673472532385,0.0368057435896388,0.0518580448310702,"101","45","41.0","40.0","35.5","34.5",0.928606687336692,0.822117821018276,0.0258492342613823,0.0345174193285378,0.0494856770475949,"/dcl01/lieber/ajaffe/lab/libd_stem_timecourse/scorecard/HISAT2_out/SRR2453328_accepted_hits.sorted.bam",FALSE,93998916,89626813,4372103,0.9535,0.9189,88263655,4603494,0.0495707475632745,0.780735423978463,37284708,2127064,3141379,5202730,0,0,0,0,0,0,0,3.88899384702168e-06
"SRR2453329","SRR2453329","PASS","PASS","PASS","PASS","FAIL","PASS","PASS","PASS","WARN","WARN","PASS","FAIL","101","44","41.0","40.0","34.5","34.5",0.950143108477486,0.847621716868265,0.0491577854430505,0.0627315309023598,0.0859343079084078,"101","44","41.0","40.0","35.5","34.5",0.925279501117321,0.818750068579078,0.0459506272352056,0.060144040397256,0.0838652223351092,"/dcl01/lieber/ajaffe/lab/libd_stem_timecourse/scorecard/HISAT2_out/SRR2453329_accepted_hits.sorted.bam",FALSE,66164494,63052490,3112004,0.953,0.9136,62312582,2941223,0.0450735861303414,0.776246805267475,26098169,1470792,2150413,3901594,0,0,0,0,0,0,0,3.98495388699491e-06
"SRR2453330","SRR2453330","PASS","PASS","PASS","PASS","FAIL","PASS","PASS","PASS","WARN","WARN","PASS","FAIL","101","44","41.0","40.5","34.5","34.5",0.966435693111315,0.896900874546498,0.0554303376478448,0.0697823071477782,0.0945252446643711,"101","44","41.0","40.5","36.0","34.5",0.944761258776668,0.865703103222633,0.0542876272049871,0.0698888811787182,0.0954370447068587,"/dcl01/lieber/ajaffe/lab/libd_stem_timecourse/scorecard/HISAT2_out/SRR2453330_accepted_hits.sorted.bam",FALSE,16889668,16121412,768256,0.9545,0.916,15831804,746889,0.0450511388322348,0.784519279973599,6691922,378241,453774,1006028,0,0,0,0,0,0,0,3.88528138851589e-06
"SRR2453331","SRR2453331","PASS","PASS","PASS","PASS","FAIL","PASS","PASS","PASS","FAIL","WARN/PASS","PASS","FAIL","101","46","41.0","40.0","34.5","34.5",0.948891253192476,0.845098560986778,0.0315923729347244,0.0418696650209766,0.0584691371304138,"101","45","41.0","40.0","35.0","34.5",0.92539644065323,0.8176481423263,0.0289818048788209,0.0396984558335556,0.0552004130185103,"/dcl01/lieber/ajaffe/lab/libd_stem_timecourse/scorecard/HISAT2_out/SRR2453331_accepted_hits.sorted.bam",FALSE,113346978,107087002,6259976,0.9448,0.911,105710667,5496942,0.0494295493755288,0.764810717085775,43787386,2509139,4048009,6908045,0,0,0,0,0,0,0,5.34400477799702e-06
"SRR2453332","SRR2453332","PASS","PASS","PASS","PASS","FAIL","PASS","PASS","PASS","FAIL","WARN","PASS","FAIL","101","47","41.0","40.0","34.5","34.5",0.94473760947223,0.853180359694686,0.0737779252276126,0.0942539186112626,0.121481807018858,"101","47","41.0","40.0","35.0","34.5",0.912453851352244,0.810304716826315,0.070704703525399,0.0898255630486093,0.11516577376289,"/dcl01/lieber/ajaffe/lab/libd_stem_timecourse/scorecard/HISAT2_out/SRR2453332_accepted_hits.sorted.bam",FALSE,63093398,60182810,2910588,0.9539,0.9155,60634674,1361305,0.0219579563377812,0.873362666702959,27851104,1454638,1738226,845538,0,0,0,0,0,0,0,1.75935575121187e-06
"SRR2453333","SRR2453333","PASS","PASS","PASS","PASS","FAIL","PASS","PASS","PASS","WARN","WARN","PASS","FAIL","101","47","41.0","40.0","33.5","34.5",0.947806852908009,0.864186091721398,0.0832372518509679,0.10332941104883,0.13093686755138,"101","47","41.0","40.0","35.0","34.5",0.920498190717857,0.824930872699082,0.0794124317716108,0.0976949137005213,0.124041918131465,"/dcl01/lieber/ajaffe/lab/libd_stem_timecourse/scorecard/HISAT2_out/SRR2453333_accepted_hits.sorted.bam",FALSE,25308380,24137247,1171133,0.9537,0.9152,24167613,544397,0.0220296527882596,0.883519938490214,11215327,583388,547442,347758,0,0,0,0,0,0,0,1.51578282113397e-06
"SRR2453334","SRR2453334","PASS","PASS","PASS","PASS","FAIL","PASS","PASS","PASS","FAIL","WARN","PASS","FAIL","101","49","41.0","40.0","33.5","34.5",0.933141191707039,0.803379133001657,0.115901219479153,0.131067888977188,0.155041477460279,"101","49","41.0","39.5","35.0","34.5",0.895970411062222,0.759210244593165,0.109215420462766,0.122221266668839,0.145460945236508,"/dcl01/lieber/ajaffe/lab/libd_stem_timecourse/scorecard/HISAT2_out/SRR2453334_accepted_hits.sorted.bam",FALSE,83116468,79251756,3864712,0.9535,0.9201,80495736,1588221,0.0193487382680638,0.859230847655518,36357458,2311116,2776707,868677,0,0,0,0,0,0,0,1.18270094680437e-06
"SRR2453335","SRR2453335","PASS","PASS","PASS","PASS","FAIL","PASS","PASS","PASS","FAIL","PASS","PASS","FAIL","101","47","41.0","40.0","34.0","34.5",0.947109424160104,0.829842083649725,0.0355533414151037,0.0452406988870838,0.0629988822712159,"101","47","41.0","40.0","35.0","34.5",0.916588805455352,0.79358504075597,0.033087871963838,0.042835867856635,0.0608025882489425,"/dcl01/lieber/ajaffe/lab/libd_stem_timecourse/scorecard/HISAT2_out/SRR2453335_accepted_hits.sorted.bam",FALSE,67613898,65612566,2001332,0.9704,0.9405,65789741,1573257,0.023354913627805,0.869322590604468,30001544,1898181,1637859,973821,0,0,0,0,0,0,0,1.36659633250875e-06
"SRR2453336","SRR2453336","PASS","PASS","PASS","PASS","FAIL","PASS","PASS","PASS","FAIL","FAIL/WARN","PASS","FAIL","101","50","41.0","40.0","33.5","34.5",0.922058435838527,0.792663225438693,0.401515399621693,0.456486374893703,0.54007544942705,"101","50","41.0","39.0","35.0","34.5",0.880552586655714,0.743118504999639,0.362436983124775,0.414019280403177,0.492177376415274,"/dcl01/lieber/ajaffe/lab/libd_stem_timecourse/scorecard/HISAT2_out/SRR2453336_accepted_hits.sorted.bam",FALSE,158350838,149631518,8719320,0.9449,0.9127,152163959,2892499,0.01865448906359,0.860588082137118,68637650,4074317,5119412,1925303,0,0,0,0,0,0,0,2.31651287595074e-06
"SRR2453337","SRR2453337","PASS","PASS","WARN/PASS","PASS","FAIL","PASS","PASS","PASS","WARN","WARN/PASS","PASS","FAIL","101","46","41.0","40.0","34.5","34.5",0.952049562165115,0.85549865779727,0.0361571454656947,0.0447824543835166,0.0570223564642999,"101","45","41.0","40.0","35.5","34.5",0.927774560029814,0.828611953239051,0.0332340721943029,0.042263079210987,0.0550150798060679,"/dcl01/lieber/ajaffe/lab/libd_stem_timecourse/scorecard/HISAT2_out/SRR2453337_accepted_hits.sorted.bam",FALSE,53505330,50230242,3275088,0.9388,0.9019,49709540,2250834,0.0433182794257793,0.777013163248425,20853759,1213147,1733357,3038097,0,0,0,0,0,0,0,5.51459331624577e-06
"SRR2453338","SRR2453338","PASS","PASS","PASS","PASS","FAIL","PASS","PASS","PASS","WARN","WARN/PASS","PASS","FAIL","101","46","41.0","40.5","34.5","34.5",0.966080344509338,0.896623330044766,0.0375729870694572,0.0471204413140873,0.0597967429235306,"101","45","41.0","40.5","35.5","34.5",0.944619401642806,0.864826642188949,0.0355124175906302,0.0453414680980935,0.0584826270303091,"/dcl01/lieber/ajaffe/lab/libd_stem_timecourse/scorecard/HISAT2_out/SRR2453338_accepted_hits.sorted.bam",FALSE,22372456,21020120,1352336,0.9396,0.9039,20744739,938135,0.0432661740320956,0.780652474890725,8727875,506956,673075,1272325,0,0,0,0,0,0,0,5.04131876315827e-06
"SRR2453339","SRR2453339","PASS","PASS","WARN/PASS","PASS","FAIL","PASS","PASS","PASS","FAIL","PASS","PASS","FAIL","101","45","41.0","40.0","34.5","34.5",0.954316532881688,0.858781127963845,0.0244665790772564,0.0321045561376666,0.0440863106560538,"101","45","41.0","40.0","35.5","34.5",0.929971882627496,0.831063564818958,0.0216936327697804,0.0292477648234436,0.0412941709132984,"/dcl01/lieber/ajaffe/lab/libd_stem_timecourse/scorecard/HISAT2_out/SRR2453339_accepted_hits.sorted.bam",FALSE,98992180,93825290,5166890,0.9478,0.9124,93822741,3572432,0.0366797644068048,0.767903249779655,38525908,2225970,3439641,5978744,0,0,0,0,0,0,0,6.59296595942658e-06
"SRR2453340","SRR2453340","PASS","PASS","WARN/PASS","PASS","FAIL","PASS","PASS","PASS","FAIL","WARN/PASS","PASS","FAIL","101","46","41.0","40.0","34.5","34.5",0.950565252101832,0.853574492219081,0.0370301514058031,0.047973888948144,0.0648536821598511,"101","46","41.0","40.0","35.0","34.5",0.926706816707691,0.82714814919835,0.0336696162258938,0.0445461232909667,0.0607130757069354,"/dcl01/lieber/ajaffe/lab/libd_stem_timecourse/scorecard/HISAT2_out/SRR2453340_accepted_hits.sorted.bam",FALSE,101144604,95259880,5884724,0.9418,0.9058,94602806,4222386,0.0427258061891749,0.775625774549237,39519852,2313535,3439062,5679767,0,0,0,0,0,0,0,5.33908882047433e-06
"SRR2453341","SRR2453341","PASS","PASS","PASS","PASS","FAIL","PASS","PASS","PASS","FAIL","WARN","PASS","FAIL","101","48","41.0","40.0","34.5","34.5",0.952856145950328,0.860590199311223,0.0488986161043561,0.0604228632085234,0.0751824733399656,"101","48","41.0","40.0","35.0","34.5",0.923105003366618,0.820668341271741,0.0471624138874591,0.0580272319724273,0.0719382843028735,"/dcl01/lieber/ajaffe/lab/libd_stem_timecourse/scorecard/HISAT2_out/SRR2453341_accepted_hits.sorted.bam",FALSE,79311038,76153354,3157684,0.9602,0.9264,76360255,2147719,0.0273566988239946,0.866286865139357,34956975,2118392,2309588,967700,0,0,0,0,0,0,0,1.80221543769162e-06
"SRR2453342","SRR2453342","PASS","PASS","PASS","PASS","FAIL","PASS","PASS","PASS","WARN","PASS","PASS","FAIL","101","48","41.0","40.0","35.0","34.0",0.959644712109418,0.873115268728677,0.084839026339135,0.129251315129573,0.630705110998719,"101","48","41.0","40.0","35.0","33.5",0.940132629172144,0.841913351883203,0.085938681233565,0.133973690970628,0.625521289449003,"/dcl01/lieber/ajaffe/lab/libd_stem_timecourse/scorecard/HISAT2_out/SRR2453342_accepted_hits.sorted.bam",FALSE,53744134,51634403,2109731,0.9607,0.9251,51509981,2202566,0.0410065454538955,0.781323231076287,21474937,1443968,1984712,2581726,0,0,0,0,0,0,0,5.68104111318231e-06
"SRR2453343","SRR2453343","PASS","PASS","PASS","PASS","FAIL","PASS","PASS","PASS","WARN","PASS","PASS","FAIL","101","48","41.0","40.0","35.0","34.0",0.959506414424767,0.873235272204628,0.0817148821532746,0.123357152352174,0.669036850615897,"101","48","41.0","40.0","35.0","33.5",0.941862692728008,0.845400271845187,0.0808510250985628,0.12381496934016,0.650934003882615,"/dcl01/lieber/ajaffe/lab/libd_stem_timecourse/scorecard/HISAT2_out/SRR2453343_accepted_hits.sorted.bam",FALSE,36695886,35373456,1322430,0.964,0.9293,34855684,1945255,0.0528588414551053,0.782511832579968,14706097,974934,1338429,1773990,0,0,0,0,0,0,0,4.89592853902704e-06
"SRR2453344","SRR2453344","PASS","PASS","PASS","PASS","FAIL","PASS","PASS","PASS","WARN","WARN/PASS","PASS","FAIL","101","49","41.0","40.0","35.0","34.0",0.955537886024631,0.865975320048749,0.111415908977176,0.179702183418661,0.836561520078774,"101","49","41.0","40.0","35.0","33.5",0.934145823279411,0.83134133510442,0.116579804711736,0.193253939361844,0.845421349252384,"/dcl01/lieber/ajaffe/lab/libd_stem_timecourse/scorecard/HISAT2_out/SRR2453344_accepted_hits.sorted.bam",FALSE,28815454,27670148,1145306,0.9603,0.9209,27249790,1447765,0.0504490713581697,0.798219259149466,11718542,817994,980083,1164237,0,0,0,0,0,0,0,3.58406361473979e-06
"SRR2453345","SRR2453345","PASS","PASS","PASS","PASS","FAIL","PASS","PASS","PASS","WARN","PASS","PASS","FAIL","101","49","41.0","40.0","35.0","34.0",0.958385980327442,0.867389271036335,0.0879610161476451,0.132170550470564,0.619493599064856,"101","49","41.0","40.0","35.0","33.5",0.934518756602553,0.829285875244224,0.0904728366404558,0.13921808646179,0.621004674425744,"/dcl01/lieber/ajaffe/lab/libd_stem_timecourse/scorecard/HISAT2_out/SRR2453345_accepted_hits.sorted.bam",FALSE,40170068,38674656,1495412,0.9628,0.9273,38161520,1884721,0.0470636182806771,0.79965968816553,16370953,1101620,1292536,1707291,0,0,0,0,0,0,0,3.78719552856819e-06
"SRR2453346","SRR2453346","PASS","PASS","PASS","PASS","FAIL","PASS","PASS","PASS","WARN","PASS","PASS","FAIL","101","48","41.0","40.0","35.0","34.0",0.946848539237834,0.830527548370206,0.0571569696275022,0.0916328863062572,0.533760480978578,"101","48","41.0","40.0","35.0","33.5",0.92072061081787,0.795369424532105,0.0574911947350951,0.0940724311764106,0.528083130378618,"/dcl01/lieber/ajaffe/lab/libd_stem_timecourse/scorecard/HISAT2_out/SRR2453346_accepted_hits.sorted.bam",FALSE,67020698,64781371,2239327,0.9666,0.931,63827275,3542066,0.0525768242263198,0.784990212675177,27027005,1807278,2435842,3159610,0,0,0,0,0,0,0,4.47700364875797e-06
"SRR2453347","SRR2453347","PASS","PASS","PASS","PASS","FAIL","PASS","PASS","PASS","WARN","PASS","PASS","FAIL","101","48","41.0","40.0","35.0","34.0",0.94668355936821,0.831422908360944,0.0634035093209119,0.0947658536298654,0.594305455905504,"101","48","41.0","40.0","35.0","33.5",0.921886114912921,0.79824885782208,0.0635463100175806,0.0974066317305797,0.587347543699704,"/dcl01/lieber/ajaffe/lab/libd_stem_timecourse/scorecard/HISAT2_out/SRR2453347_accepted_hits.sorted.bam",FALSE,48319092,46731563,1587529,0.9671,0.9305,45638906,2920970,0.0601519246054088,0.786192740280276,19488023,1313512,1698634,2287675,0,0,0,0,0,0,0,5.08004326554828e-06
"SRR2453348","SRR2453348","PASS","PASS","PASS","PASS","FAIL","PASS","PASS","PASS","WARN","PASS","PASS","FAIL","101","48","41.0","40.0","35.0","34.0",0.946647580194325,0.830492743777027,0.0766194960714945,0.114870423844607,0.62046942476136,"101","48","41.0","40.0","35.0","33.5",0.922722604840015,0.798907017417146,0.0752677398471676,0.114317735339094,0.603376034476398,"/dcl01/lieber/ajaffe/lab/libd_stem_timecourse/scorecard/HISAT2_out/SRR2453348_accepted_hits.sorted.bam",FALSE,45052502,43449458,1603044,0.9644,0.9306,42523512,2612630,0.0578833255177193,0.790232752517405,18203744,1185064,1583185,2063934,0,0,0,0,0,0,0,4.06509781724023e-06
"SRR2453349","SRR2453349","PASS","PASS","PASS","PASS","FAIL","PASS","PASS","PASS","WARN","PASS","PASS","FAIL","101","49","41.0","40.0","35.0","34.0",0.945495592859019,0.827633482614575,0.0691648960892014,0.115151519061909,0.633248401533633,"101","49","41.0","40.0","35.0","33.5",0.916961820263321,0.78928581798098,0.0693326519863051,0.117192549143337,0.62878136309409,"/dcl01/lieber/ajaffe/lab/libd_stem_timecourse/scorecard/HISAT2_out/SRR2453349_accepted_hits.sorted.bam",FALSE,46496130,44815354,1680776,0.9639,0.9275,44062727,2509407,0.0538821562267256,0.781756970268356,18626269,1211050,1665027,2323817,0,0,0,0,0,0,0,4.02657129025679e-06
"SRR2453350","SRR2453350","PASS","PASS","PASS","PASS","FAIL","PASS","PASS","PASS","WARN","PASS","PASS","FAIL","101","49","41.0","40.0","35.0","34.0",0.945613416710873,0.828664990073291,0.0806548561904665,0.117487265291637,0.442319644663779,"101","49","41.0","40.0","35.0","33.5",0.9145592160455,0.784031832358004,0.0810729206634404,0.123620735626247,0.445082586314056,"/dcl01/lieber/ajaffe/lab/libd_stem_timecourse/scorecard/HISAT2_out/SRR2453350_accepted_hits.sorted.bam",FALSE,53819450,51942571,1876879,0.9651,0.9319,50814720,3071977,0.0570080775223614,0.794178876881738,21880782,1439728,1827346,2403597,0,0,0,0,0,0,0,3.97609189653277e-06
"SRR2453351","SRR2453351","PASS","PASS","PASS","PASS","FAIL","PASS","PASS","PASS","WARN","PASS","PASS","FAIL","101","49","41.0","40.0","35.0","34.0",0.949276382415559,0.838870033696868,0.0601463958301446,0.098047287428264,0.602560956793309,"101","49","41.0","40.0","35.0","34.0",0.924804637570063,0.804023835973275,0.0606014470563988,0.100670332711029,0.595978965842132,"/dcl01/lieber/ajaffe/lab/libd_stem_timecourse/scorecard/HISAT2_out/SRR2453351_accepted_hits.sorted.bam",FALSE,61531534,59438846,2092688,0.966,0.9298,58819145,3123475,0.0504252968311641,0.772996831158912,24448074,1688784,2306046,3184747,0,0,0,0,0,0,0,5.35829529966246e-06
"SRR2453352","SRR2453352","PASS","PASS","PASS","PASS","FAIL","PASS","PASS","PASS","WARN","PASS","PASS","FAIL","101","49","41.0","40.0","35.0","34.5",0.950790955867986,0.843764901906812,0.0648334841059387,0.101327279175005,0.716358183135762,"101","49","41.0","40.0","35.0","34.0",0.92659747556359,0.809222733728502,0.064355763696737,0.10236865911464,0.703659414163121,"/dcl01/lieber/ajaffe/lab/libd_stem_timecourse/scorecard/HISAT2_out/SRR2453352_accepted_hits.sorted.bam",FALSE,39562890,38299498,1263392,0.9681,0.9333,37823102,2000224,0.0502274470997224,0.762010673572753,15480416,1029202,1448055,2357549,0,0,0,0,0,0,0,6.52437247164417e-06
"SRR2453353","SRR2453353","PASS","PASS","PASS","PASS","FAIL","PASS","PASS","PASS","WARN","PASS","PASS","FAIL","101","49","41.0","40.0","35.0","34.0",0.94948014152564,0.839795752496204,0.0591307403338714,0.0957160611576384,0.454077028480219,"101","49","41.0","40.0","35.0","34.0",0.922473682913423,0.801492969616022,0.0599164595817002,0.0980496043882119,0.452181427125484,"/dcl01/lieber/ajaffe/lab/libd_stem_timecourse/scorecard/HISAT2_out/SRR2453353_accepted_hits.sorted.bam",FALSE,46581524,45061000,1520524,0.9674,0.9344,44348547,2292985,0.049161871441101,0.79943742587313,19047835,1285243,1490289,2003182,0,0,0,0,0,0,0,3.83245654952387e-06
"SRR2453354","SRR2453354","PASS","PASS","PASS","PASS","FAIL","PASS","PASS","PASS","WARN","PASS","PASS","FAIL","101","49","41.0","40.0","35.0","34.0",0.948935000784664,0.836999965927804,0.0794869985247086,0.116437773925695,0.537532298647311,"101","49","41.0","40.0","35.0","33.5",0.921224273032274,0.797593947327164,0.0800947415411722,0.120479747320905,0.536316812614384,"/dcl01/lieber/ajaffe/lab/libd_stem_timecourse/scorecard/HISAT2_out/SRR2453354_accepted_hits.sorted.bam",FALSE,51831118,50144471,1686647,0.9675,0.9336,49077049,2941262,0.0565428200850274,0.791731401969735,21036605,1419020,1792653,2322103,0,0,0,0,0,0,0,3.89796737638987e-06
"SRR2453355","SRR2453355","PASS","PASS","PASS","PASS","FAIL","PASS","PASS","PASS","WARN","PASS","PASS","FAIL","101","49","41.0","40.0","35.0","34.5",0.952098263729616,0.8447257078868,0.0568439144993281,0.0941984868846008,0.657361790301458,"101","49","41.0","40.0","35.0","34.0",0.927813050483126,0.809671846285501,0.0581149585502447,0.0984615282807705,0.655995922329282,"/dcl01/lieber/ajaffe/lab/libd_stem_timecourse/scorecard/HISAT2_out/SRR2453355_accepted_hits.sorted.bam",FALSE,49565552,47854111,1711441,0.9655,0.9286,47635339,2149849,0.0431825023940856,0.787520470620389,20008646,1367520,1788031,2242947,0,0,0,0,0,0,0,3.84833636418976e-06
"SRR2453356","SRR2453356","PASS","PASS","PASS","PASS","FAIL","PASS","PASS","PASS","WARN","PASS","PASS","FAIL","101","48","41.0","40.0","35.0","34.0",0.955787657741427,0.859793182828498,0.0594395917897527,0.0954038056152061,0.540131669875675,"101","49","41.0","40.0","35.0","33.5",0.933540713535033,0.825149403696518,0.0604131713104469,0.0994495176425885,0.536870877222632,"/dcl01/lieber/ajaffe/lab/libd_stem_timecourse/scorecard/HISAT2_out/SRR2453356_accepted_hits.sorted.bam",FALSE,42934346,41528004,1406342,0.9672,0.9334,41165419,1851691,0.04304545330916,0.798127828660762,17522333,1173083,1380659,1878219,0,0,0,0,0,0,0,4.90802223653665e-06
"SRR2453357","SRR2453357","PASS","PASS","PASS","PASS","FAIL","PASS","PASS","PASS","WARN","PASS","PASS","FAIL","101","49","41.0","40.0","35.0","34.0",0.956258761397533,0.859744845116158,0.0598978409873129,0.0971230050194054,0.578074508222996,"101","49","41.0","40.0","35.0","33.5",0.934443269990886,0.825712118303185,0.0609386726650357,0.100766980136504,0.573379058977482,"/dcl01/lieber/ajaffe/lab/libd_stem_timecourse/scorecard/HISAT2_out/SRR2453357_accepted_hits.sorted.bam",FALSE,46981660,45258021,1723639,0.9633,0.9274,44353232,2671398,0.0568084852554927,0.784470552804132,18837824,1275365,1647524,2252711,0,0,0,0,0,0,0,4.98996062390221e-06
"SRR2453358","SRR2453358","PASS","PASS","PASS","PASS","FAIL","PASS","PASS","PASS","WARN","PASS","PASS","FAIL","101","49","41.0","40.0","35.0","34.0",0.956831666256387,0.860785203568711,0.0624602628360459,0.096239992095828,0.421862850335955,"101","49","41.0","40.0","35.0","33.5",0.93266147871651,0.823136895681118,0.0636380737711552,0.0997120224353446,0.422181026749705,"/dcl01/lieber/ajaffe/lab/libd_stem_timecourse/scorecard/HISAT2_out/SRR2453358_accepted_hits.sorted.bam",FALSE,35829180,34531477,1297703,0.9638,0.931,33901127,1941676,0.054171990957292,0.793201836617291,14517625,971981,1228912,1584043,0,0,0,0,0,0,0,4.47731636545234e-06
"SRR2453359","SRR2453359","PASS","PASS","PASS","PASS","FAIL","PASS","PASS","PASS","WARN","PASS","PASS","FAIL","101","49","41.0","40.0","35.0","34.0",0.953889621109441,0.85415193828316,0.0741039169977017,0.111864359188888,0.530300043713009,"101","49","41.0","40.0","35.0","33.5",0.928914049670618,0.815374843726101,0.0761098386174119,0.118075544442552,0.532327697961319,"/dcl01/lieber/ajaffe/lab/libd_stem_timecourse/scorecard/HISAT2_out/SRR2453359_accepted_hits.sorted.bam",FALSE,46013762,43496763,2516999,0.9453,0.909,42565537,2686424,0.0593659134462703,0.777193281100631,18002236,1212041,1655991,2292871,0,0,0,0,0,0,0,4.33279510389709e-06
"SRR2453360","SRR2453360","PASS","PASS","PASS","PASS","FAIL","PASS","PASS","PASS","WARN","PASS","PASS","FAIL","101","49","41.0","40.0","35.0","34.0",0.957600080082016,0.863352412342522,0.0722011179610664,0.109778486768608,0.547218716039098,"101","49","41.0","40.0","35.0","33.5",0.934473512946379,0.826787058951318,0.0740419785826399,0.114971362253345,0.549407600061765,"/dcl01/lieber/ajaffe/lab/libd_stem_timecourse/scorecard/HISAT2_out/SRR2453360_accepted_hits.sorted.bam",FALSE,43675224,42182975,1492249,0.9658,0.9323,41891372,1959115,0.0446771548968202,0.788972844845028,17664930,1205521,1556548,1962783,0,0,0,0,0,0,0,4.92501243990211e-06
"SRR2453361","SRR2453361","PASS","PASS","PASS/WARN","PASS","FAIL","PASS","PASS","PASS","WARN","PASS","PASS","FAIL","101","48","41.0","40.0","35.0","34.0",0.956206306802007,0.86112555883959,0.0608956509020836,0.102123514644281,0.63884893184444,"101","48","41.0","40.0","35.0","33.5",0.934087168469064,0.825861438622965,0.0621632757223553,0.106809805990152,0.634640940173022,"/dcl01/lieber/ajaffe/lab/libd_stem_timecourse/scorecard/HISAT2_out/SRR2453361_accepted_hits.sorted.bam",FALSE,38260532,36822208,1438324,0.9624,0.9278,36520592,1663248,0.0435589505927115,0.792244922731967,15441992,1069068,1262928,1717449,0,0,0,0,0,0,0,4.46833543237168e-06
"SRR2453362","SRR2453362","PASS","PASS","PASS/WARN","PASS","FAIL","PASS","PASS","PASS","WARN","WARN/PASS","PASS","FAIL","101","49","41.0","40.0","35.0","34.0",0.955732855403125,0.861555863839892,0.105581232866645,0.155821456388449,0.84509240644001,"101","49","41.0","40.0","35.0","34.0",0.932383001564129,0.825093886339055,0.107827508202366,0.162895860410284,0.83909185206513,"/dcl01/lieber/ajaffe/lab/libd_stem_timecourse/scorecard/HISAT2_out/SRR2453362_accepted_hits.sorted.bam",FALSE,47678928,46067828,1611100,0.9662,0.9311,45718180,2273923,0.0473811910263653,0.761279340591422,18641011,1242051,1823114,2780251,0,0,0,0,0,0,0,5.47180622338563e-06
"SRR2453363","SRR2453363","PASS","PASS","PASS/WARN","PASS","FAIL","PASS","PASS","PASS","WARN","PASS","PASS","FAIL","101","48","41.0","40.0","35.0","34.5",0.957098029367104,0.863665127123167,0.0834789163886278,0.123917757302179,0.617450232760728,"101","48","41.0","40.0","35.0","34.0",0.936943169023541,0.832134613431258,0.0813457426478943,0.122416734669986,0.600508583051851,"/dcl01/lieber/ajaffe/lab/libd_stem_timecourse/scorecard/HISAT2_out/SRR2453363_accepted_hits.sorted.bam",FALSE,37174656,35940886,1233770,0.9668,0.9337,35153690,2173382,0.0582253545094563,0.769359033925206,14648099,977567,1305527,2108161,0,0,0,0,0,0,0,5.32492304974181e-06
"SRR2453364","SRR2453364","PASS","PASS","PASS/WARN","PASS","FAIL","PASS","PASS","PASS","WARN","PASS","PASS","FAIL","101","49","41.0","40.0","35.0","34.0",0.954030727924493,0.857193484048173,0.0897765566396282,0.140186909993141,0.583294273386382,"101","49","41.0","40.0","35.0","33.5",0.924541774996961,0.808822125101354,0.0869824055945926,0.145581787029681,0.585037201314399,"/dcl01/lieber/ajaffe/lab/libd_stem_timecourse/scorecard/HISAT2_out/SRR2453364_accepted_hits.sorted.bam",FALSE,47563642,45702992,1860650,0.9609,0.9249,45009807,2497363,0.0525681281372896,0.781513820147601,19008509,1281576,1694003,2338590,0,0,0,0,0,0,0,4.41907358436161e-06
"SRR2453365","SRR2453365","PASS","PASS","PASS/WARN","PASS","FAIL","PASS","PASS","PASS","WARN","PASS","PASS","FAIL","101","49","41.0","40.0","35.0","34.0",0.957308584284984,0.862318183566767,0.0694686764651372,0.10918479517306,0.565607832674188,"101","49","41.0","40.0","35.0","34.0",0.933264097614118,0.824143375992547,0.0706643862419654,0.113637783307454,0.565644940908641,"/dcl01/lieber/ajaffe/lab/libd_stem_timecourse/scorecard/HISAT2_out/SRR2453365_accepted_hits.sorted.bam",FALSE,48506754,46950185,1556569,0.9679,0.9347,46657238,2111319,0.0432926280759137,0.794867533205027,19775441,1338046,1688757,2076670,0,0,0,0,0,0,0,4.50053174541089e-06
"SRR2453366","SRR2453366","PASS","PASS","WARN/PASS","PASS","FAIL","PASS","PASS","PASS","WARN","PASS","PASS","FAIL","101","49","41.0","40.0","35.0","34.5",0.958841360218334,0.869077150361379,0.0658023094487961,0.104910982546403,0.582280198465641,"101","49","41.0","40.0","35.0","34.0",0.937764321670726,0.835828051336973,0.0674971057727853,0.109959716616743,0.57918059901756,"/dcl01/lieber/ajaffe/lab/libd_stem_timecourse/scorecard/HISAT2_out/SRR2453366_accepted_hits.sorted.bam",FALSE,42069952,37153341,4916611,0.8831,0.8498,36819537,1802244,0.0466639277976332,0.778758869238613,15391247,1029250,1375328,1967991,0,0,0,0,0,0,0,5.00284349929541e-06
"SRR2453367","SRR2453367","PASS","PASS","WARN/PASS","PASS","FAIL","PASS","PASS","PASS","WARN","PASS","PASS","FAIL","101","49","41.0","40.0","35.0","34.5",0.958929513131384,0.870558738591366,0.0864551390008065,0.129486031341127,0.785481995939859,"101","49","41.0","40.0","35.0","34.0",0.938947786509841,0.838828967626577,0.0870555219105344,0.133308296675902,0.777953918851935,"/dcl01/lieber/ajaffe/lab/libd_stem_timecourse/scorecard/HISAT2_out/SRR2453367_accepted_hits.sorted.bam",FALSE,38642006,37199382,1442624,0.9627,0.9248,36831850,1833838,0.0474280452477659,0.780100083854862,15401083,1039085,1372841,1929436,0,0,0,0,0,0,0,5.77881438597532e-06
"SRR2453368","SRR2453368","PASS","PASS","WARN/PASS","PASS","FAIL","PASS","PASS","PASS","WARN","PASS","PASS","FAIL","101","48","41.0","40.0","35.0","34.5",0.959446866063108,0.872299397769245,0.101279642809764,0.138711140755575,0.545470003256966,"101","48","41.0","40.0","35.0","34.0",0.940500911580959,0.843244217857787,0.0985971633588401,0.137319845193469,0.530337738794577,"/dcl01/lieber/ajaffe/lab/libd_stem_timecourse/scorecard/HISAT2_out/SRR2453368_accepted_hits.sorted.bam",FALSE,38956496,37745739,1210757,0.9689,0.9381,36894921,2196152,0.0561803969924284,0.793029812660832,15794249,1008902,1256855,1856331,0,0,0,0,0,0,0,3.9254794577444e-06
"SRR2453369","SRR2453369","PASS","PASS","WARN/PASS","PASS","FAIL","PASS","PASS","PASS","WARN","PASS","PASS","FAIL","101","49","41.0","40.0","35.0","34.5",0.957948946080996,0.867777473803174,0.0912885570873486,0.141523056153086,0.728463625212779,"101","49","41.0","40.0","35.0","34.0",0.93556808000868,0.832438196615145,0.0933694570573504,0.147492528651064,0.728774011552842,"/dcl01/lieber/ajaffe/lab/libd_stem_timecourse/scorecard/HISAT2_out/SRR2453369_accepted_hits.sorted.bam",FALSE,45749436,44273780,1475656,0.9677,0.934,43359429,2567303,0.0558999712846975,0.795577484311337,18636685,1256042,1529414,2003214,0,0,0,0,0,0,0,5.20478829791886e-06
"SRR2453370","SRR2453370","PASS","PASS","WARN/PASS","PASS","FAIL","PASS","PASS","PASS","WARN","PASS","PASS","FAIL","101","48","41.0","40.0","35.0","34.5",0.959980000676453,0.873102668248167,0.0832288374958069,0.123544627998856,0.562658162378681,"101","48","41.0","40.0","35.0","34.0",0.938489205954545,0.838948610835611,0.0859404809293639,0.130916978673878,0.567760717226772,"/dcl01/lieber/ajaffe/lab/libd_stem_timecourse/scorecard/HISAT2_out/SRR2453370_accepted_hits.sorted.bam",FALSE,44585508,43118288,1467220,0.9671,0.9328,42820307,1940688,0.0433566769460777,0.786264032606395,17966130,1218370,1529917,2135579,0,0,0,0,0,0,0,4.84244520105332e-06
"SRR2453371","SRR2453371","PASS","PASS","PASS","PASS","FAIL","PASS","PASS","PASS","WARN","PASS","PASS","FAIL","101","49","41.0","40.0","35.0","34.0",0.95473426043151,0.857031494037954,0.0888167080766595,0.150519160997858,0.881060143645397,"101","49","41.0","40.0","35.0","33.5",0.930687536493591,0.821756168175712,0.0897328420794697,0.154579676615735,0.875440544558882,"/dcl01/lieber/ajaffe/lab/libd_stem_timecourse/scorecard/HISAT2_out/SRR2453371_accepted_hits.sorted.bam",FALSE,72478480,69855932,2622548,0.9638,0.9261,68716608,4046051,0.05560614545436,0.773888411099821,28791568,1942515,2721622,3748067,0,0,0,0,0,0,0,5.27932344636457e-06
