"","SAMPLE_ID","FQCbasicStats","perBaseQual","perTileQual","perSeqQual","perBaseContent","GCcontent","Ncontent","SeqLengthDist","SeqDuplication","OverrepSeqs","AdapterContent","KmerContent","SeqLength_R1","percentGC_R1","phred13_R1","phred25_R1","phred37_R1","phred50_R1","phredGT30_R1","phredGT35_R1","Adapter24_R1","Adapter32_R1","Adapter38_R1","SeqLength_R2","percentGC_R2","phred13_R2","phred25_R2","phred37_R2","phred50_R2","phredGT30_R2","phredGT35_R2","Adapter24_R2","Adapter32_R2","Adapter38_R2","ERCCsumLogErr","bamFile","trimmed","numReads","numMapped","numUnmapped","overallMapRate","concordMapRate","totalMapped","mitoMapped","mitoRate","totalAssignedGene","gene_Assigned","gene_Unassigned_Ambiguity","gene_Unassigned_MultiMapping","gene_Unassigned_NoFeatures","gene_Unassigned_Unmapped","gene_Unassigned_MappingQuality","gene_Unassigned_FragmentLength","gene_Unassigned_Chimera","gene_Unassigned_Secondary","gene_Unassigned_Nonjunction","gene_Unassigned_Duplicate","rRNA_rate"
"SRR1950796","SRR1950796","PASS","PASS","WARN","PASS","FAIL","PASS","PASS","PASS","WARN","PASS","PASS","FAIL","50","49","39.0","40.0","40.0","38.0",0.945529724277062,0.783510013005159,0.0185328392110693,0.023548198166744,0.0272506748744742,"50","49","39.0","39.0","39.0","37.0",0.881952397232794,0.716061654512433,0.0177778389381721,0.0222353159187995,0.0255881865888335,-623.141208488785,"/dcl01/lieber/ajaffe/lab/libd_stem_timecourse/otherData/Marchetto/HISAT2_out/SRR1950796_accepted_hits.sorted.bam",FALSE,107549630,102287843,5261787,0.9511,0.9109,103618184,3705417,0.0345256492092545,0.725910192837197,40275313,2335408,4715813,8155967,0,0,0,0,0,0,0,1.14462176867502e-05
"SRR1950797","SRR1950797","PASS","PASS","PASS/FAIL","PASS","FAIL","PASS","PASS","PASS","WARN","PASS","PASS","FAIL","50","49","39.0","40.0","39.0","38.0",0.937174238138513,0.759721580923179,0.0105557763257844,0.0139223743465231,0.0167577033125123,"50","49","39.0","39.0","38.0","38.0",0.879944316184636,0.700612983633291,0.00999893817214325,0.0132320086764476,0.0159153435545806,-623.141208488785,"/dcl01/lieber/ajaffe/lab/libd_stem_timecourse/otherData/Marchetto/HISAT2_out/SRR1950797_accepted_hits.sorted.bam",FALSE,140794950,134786998,6007952,0.9573,0.9202,137484128,4110491,0.0290299944237288,0.730466812582419,53377893,3134856,6321113,10239811,0,0,0,0,0,0,0,1.15403581029322e-05
"SRR1950798","SRR1950798","PASS","PASS","WARN/PASS","PASS","FAIL","PASS","PASS","PASS","WARN","PASS","PASS","FAIL","50","48","39.0","40.0","40.0","38.0",0.953224836849741,0.809511441314147,0.00888142715123124,0.0121161364084165,0.0145052922502682,"50","48","39.0","40.0","39.0","38.0",0.915804091381596,0.775948081441378,0.00843475888514592,0.0115094985772681,0.0138072432390837,-623.141208488785,"/dcl01/lieber/ajaffe/lab/libd_stem_timecourse/otherData/Marchetto/HISAT2_out/SRR1950798_accepted_hits.sorted.bam",FALSE,96268312,93141744,3126568,0.9675,0.9313,94048100,3369009,0.0345833399757326,0.721820946047794,36058613,2270174,3959032,7667247,0,0,0,0,0,0,0,1.22578203437831e-05
"SRR1950799","SRR1950799","PASS","PASS","WARN/FAIL","PASS","FAIL","PASS","PASS","PASS","WARN","PASS","PASS","FAIL","50","49","39.0","40.0","40.0","38.0",0.941346700405878,0.774050703400072,0.014347384935418,0.0195316307564885,0.0238702848807651,"50","49","39.0","39.0","39.0","37.0",0.865759166383112,0.693943189644447,0.0130605481168427,0.0175544836254397,0.0213273600325888,-623.141208488785,"/dcl01/lieber/ajaffe/lab/libd_stem_timecourse/otherData/Marchetto/HISAT2_out/SRR1950799_accepted_hits.sorted.bam",FALSE,130086424,122545402,7541022,0.942,0.8956,123504217,4677213,0.0364890062468487,0.745815281040204,49887878,2816350,5568507,8617659,0,0,0,0,0,0,0,9.1805869153224e-06
"SRR1950800","SRR1950800","PASS","PASS","WARN","PASS","FAIL","PASS","PASS","PASS","WARN","PASS","PASS","FAIL","50","49","39.0","40.0","40.0","37.0",0.948759340359097,0.796713318105906,0.0219272829676497,0.0279723712180641,0.032765407401137,"50","49","39.0","39.0","39.0","37.0",0.888071254018085,0.730793150972703,0.020801527559654,0.0262463168736718,0.0305669099977106,-643.072778500803,"/dcl01/lieber/ajaffe/lab/libd_stem_timecourse/otherData/Marchetto/HISAT2_out/SRR1950800_accepted_hits.sorted.bam",FALSE,128269426,122212209,6057217,0.9528,0.9115,122607254,4976350,0.0390046200607407,0.73571902688025,48524898,2757545,5040281,9633023,0,0,0,0,0,0,0,1.26945140616267e-05
"SRR1950801","SRR1950801","PASS","PASS","WARN/PASS","PASS","FAIL","PASS","PASS","PASS","WARN","PASS","PASS","FAIL","50","49","39.0","40.0","40.0","38.0",0.950290543923586,0.803836727484743,0.0208362446749301,0.0274646042741421,0.0319931969040271,"50","49","39.0","40.0","39.0","38.0",0.905958962333161,0.761864173860407,0.0197211703174756,0.0261620285492314,0.0304882190407365,-623.141208488785,"/dcl01/lieber/ajaffe/lab/libd_stem_timecourse/otherData/Marchetto/HISAT2_out/SRR1950801_accepted_hits.sorted.bam",FALSE,161065492,154895428,6170064,0.9617,0.9097,158900065,3947846,0.0242425338818132,0.714452278885855,60028707,4255341,7577127,12159422,0,0,0,0,0,0,0,1.06948830332128e-05
"SRR1950802","SRR1950802","PASS","PASS","WARN/PASS","PASS","FAIL","PASS","WARN/PASS","PASS","WARN","PASS","PASS","FAIL","50","48","39.0","40.0","40.0","38.0",0.952121386284633,0.822498782724386,0.0132382717751098,0.0175361892602696,0.0208099022522304,"50","49","39.0","40.0","40.0","39.0",0.924266999292535,0.80058214723334,0.0126209430394829,0.0167380268546106,0.0197981690466196,-643.072778500803,"/dcl01/lieber/ajaffe/lab/libd_stem_timecourse/otherData/Marchetto/HISAT2_out/SRR1950802_accepted_hits.sorted.bam",FALSE,128294692,124176693,4117999,0.9679,0.9325,127389310,3452724,0.0263884922485996,0.683880070618217,45896852,2773605,6062917,12379054,0,0,0,0,0,0,0,1.42493432882935e-05
"SRR1950803","SRR1950803","PASS","PASS","WARN/PASS","PASS","FAIL","PASS","WARN/PASS","PASS","WARN","PASS","PASS","FAIL","50","48","39.0","40.0","39.0","38.0",0.941333135463002,0.78798164216283,0.0263363556569542,0.0348657059426361,0.0397561758075244,"50","48","39.0","40.0","39.0","38.0",0.89345318394918,0.741420660635926,0.0252039652075352,0.0335313394189056,0.038438364699721,-643.072778500803,"/dcl01/lieber/ajaffe/lab/libd_stem_timecourse/otherData/Marchetto/HISAT2_out/SRR1950803_accepted_hits.sorted.bam",FALSE,60403194,57959334,2443860,0.9595,0.9207,59210034,1531104,0.0252070351398421,0.701082009057975,21948154,1354265,2645910,5357786,0,0,0,0,0,0,0,1.15727272553309e-05
"SRR1950804","SRR1950804","PASS","PASS","WARN/PASS","PASS","FAIL","PASS","PASS","PASS","WARN","PASS","PASS","FAIL","50","49","39.0","40.0","40.0","38.0",0.950214319242231,0.803637812123045,0.00704043887521729,0.0102693831384668,0.0127061276649638,"50","49","39.0","40.0","39.0","38.0",0.91509247900864,0.77295223886214,0.0067465860444479,0.00978478373333835,0.0121270141914592,-643.072778500803,"/dcl01/lieber/ajaffe/lab/libd_stem_timecourse/otherData/Marchetto/HISAT2_out/SRR1950804_accepted_hits.sorted.bam",FALSE,116384790,111015315,5369475,0.9539,0.9203,111895316,5022729,0.0429593994665238,0.758197602609198,45727391,2430794,5781685,6370781,0,0,0,0,0,0,0,6.73556905969116e-06
"SRR1950805","SRR1950805","PASS","PASS","WARN/PASS","PASS","FAIL","PASS","WARN/PASS","PASS","WARN","PASS","PASS","FAIL","50","48","39.0","40.0","39.0","38.0",0.939825994626892,0.783581380111393,0.00899933815879546,0.0124139858196955,0.0150431042064918,"50","48","39.0","40.0","39.0","38.0",0.903564360213295,0.752971694407193,0.00841929984507876,0.011619712249405,0.0140972628356321,-643.072778500803,"/dcl01/lieber/ajaffe/lab/libd_stem_timecourse/otherData/Marchetto/HISAT2_out/SRR1950805_accepted_hits.sorted.bam",FALSE,137232314,132338007,4894307,0.9643,0.9313,135513203,3958570,0.0283825889271516,0.685717049118895,49153407,2843979,6529900,13154477,0,0,0,0,0,0,0,1.37732059956698e-05
"SRR1950806","SRR1950806","PASS","PASS","WARN/PASS","PASS","FAIL","PASS","WARN/PASS","PASS","WARN","PASS","PASS","FAIL","50","49","39.0","40.0","40.0","38.0",0.953069672144192,0.825026255621707,0.0146365562576772,0.0197741023177396,0.0236181785069518,"50","49","39.0","40.0","40.0","39.0",0.924354045143174,0.800041664263211,0.01378780748849,0.0187553131273283,0.0224976557311928,-623.141208488785,"/dcl01/lieber/ajaffe/lab/libd_stem_timecourse/otherData/Marchetto/HISAT2_out/SRR1950806_accepted_hits.sorted.bam",FALSE,137614338,132585201,5029137,0.9635,0.9314,136969339,2729763,0.019540304561156,0.674879302230262,48372742,2782083,6595741,13925572,0,0,0,0,0,0,0,1.52151804832565e-05
"SRR1950807","SRR1950807","PASS","PASS","WARN/PASS","PASS","FAIL","PASS","PASS","PASS","WARN","PASS","PASS","FAIL","50","48","39.0","40.0","40.0","38.0",0.950675625763125,0.804262987518966,0.00671427648702326,0.00914440765436799,0.0110892858996733,"50","48","39.0","40.0","39.0","38.0",0.914334937767666,0.773205118556085,0.00633728716512014,0.00865722145375473,0.0105112356060885,-623.141208488785,"/dcl01/lieber/ajaffe/lab/libd_stem_timecourse/otherData/Marchetto/HISAT2_out/SRR1950807_accepted_hits.sorted.bam",FALSE,103451206,100009648,3441558,0.9667,0.9329,101609261,3199792,0.0305297291446761,0.711402316398935,38246952,2255628,4402725,8857455,0,0,0,0,0,0,0,1.24977279235219e-05
"SRR1950808","SRR1950808","PASS","PASS","WARN/FAIL","PASS","FAIL","PASS","PASS","PASS","WARN","PASS","PASS","FAIL","50","49","39.0","40.0","40.0","38.0",0.94263963368351,0.777267054552468,0.018504594440137,0.0239947771615193,0.0283459810795367,"50","49","39.0","39.0","39.0","37.0",0.868757040489673,0.698298431001165,0.0170084597596175,0.0218453085593756,0.0256956231374811,-623.141208488785,"/dcl01/lieber/ajaffe/lab/libd_stem_timecourse/otherData/Marchetto/HISAT2_out/SRR1950808_accepted_hits.sorted.bam",FALSE,91836652,86629798,5206854,0.9433,0.8965,87742326,2950461,0.0325324769212352,0.730346957259232,34497252,1954177,3922237,6860394,0,0,0,0,0,0,0,1.19429802698487e-05
"SRR1950809","SRR1950809","PASS","PASS","WARN","PASS","FAIL","PASS","PASS","PASS","WARN","PASS","PASS","FAIL","50","49","39.0","40.0","40.0","38.0",0.942294088358632,0.776152424161595,0.0227364716467354,0.0288941933678476,0.0338308371272662,"50","49","39.0","39.0","39.0","37.0",0.877372268834548,0.706994493304716,0.0218852058677262,0.0273591239302899,0.0318352468584411,-623.141208488785,"/dcl01/lieber/ajaffe/lab/libd_stem_timecourse/otherData/Marchetto/HISAT2_out/SRR1950809_accepted_hits.sorted.bam",FALSE,114652794,108240983,6411811,0.9441,0.9037,110198629,3614914,0.0317617210106534,0.747952173469986,44193090,2536570,5411067,6944722,0,0,0,0,0,0,0,8.82490905252382e-06
"SRR1950810","SRR1950810","PASS","PASS","WARN","PASS","FAIL","PASS","PASS","PASS","WARN","PASS","PASS","FAIL","50","49","39.0","40.0","39.0","38.0",0.938439668178365,0.757348095720722,0.0121955493445553,0.0161878143766295,0.019608887760279,"50","50","39.0","39.0","38.0","38.0",0.864082455889535,0.68143276072434,0.0116684123711422,0.0152034202591317,0.018296362270282,-623.141208488785,"/dcl01/lieber/ajaffe/lab/libd_stem_timecourse/otherData/Marchetto/HISAT2_out/SRR1950810_accepted_hits.sorted.bam",FALSE,131654586,124350735,7303851,0.9445,0.9001,126373579,3756741,0.0288690675624251,0.741230509226583,50209006,2787531,5627338,9113496,0,0,0,0,0,0,0,1.00977900259567e-05
"SRR1950811","SRR1950811","PASS","PASS","PASS/FAIL","PASS","FAIL","PASS","PASS","PASS","WARN","PASS","PASS","FAIL","50","48","39.0","40.0","39.0","38.0",0.939751644807375,0.765966875586475,0.00850284558731351,0.0113371274497513,0.0134111761782516,"50","48","39.0","39.0","39.0","38.0",0.886108795425231,0.710282634315811,0.00803976707120472,0.0107654442002229,0.0127203294017766,-623.141208488785,"/dcl01/lieber/ajaffe/lab/libd_stem_timecourse/otherData/Marchetto/HISAT2_out/SRR1950811_accepted_hits.sorted.bam",FALSE,132590906,127121382,5469524,0.9587,0.921,131180389,2701894,0.0201811168696608,0.677831631932579,46920119,2669844,6280894,13350048,0,0,0,0,0,0,0,1.51107886150076e-05
"SRR1950812","SRR1950812","PASS","PASS","WARN/PASS","PASS","FAIL","PASS","WARN/PASS","PASS","WARN","PASS","PASS","FAIL","50","48","39.0","40.0","39.0","38.0",0.940630633533881,0.782229458188879,0.0120831723637361,0.0159747450440983,0.0186988459203518,"50","48","39.0","40.0","39.0","38.0",0.899014074885694,0.742491773344001,0.0115203416041796,0.015251105496097,0.0178176137596747,-643.072778500803,"/dcl01/lieber/ajaffe/lab/libd_stem_timecourse/otherData/Marchetto/HISAT2_out/SRR1950812_accepted_hits.sorted.bam",FALSE,124371312,120083351,4287961,0.9655,0.932,123779781,2677327,0.0211718189854539,0.671303721576727,43599191,2529654,5804012,13014185,0,0,0,0,0,0,0,1.64223230655817e-05
"SRR1950813","SRR1950813","PASS","PASS","WARN/FAIL","PASS","FAIL","PASS","PASS","PASS","WARN","PASS","PASS","FAIL","50","48","39.0","39.0","40.0","38.0",0.939705611070033,0.762996377125546,0.0160318874543386,0.0204908505021966,0.0243950377836263,"50","49","39.0","39.0","39.0","37.0",0.862227873051605,0.682344717885578,0.0152053847819044,0.019266192432768,0.0226325868793946,-643.072778500803,"/dcl01/lieber/ajaffe/lab/libd_stem_timecourse/otherData/Marchetto/HISAT2_out/SRR1950813_accepted_hits.sorted.bam",FALSE,105988768,99995235,5993533,0.9435,0.8972,101256164,3361858,0.0321345972302936,0.714791930421148,38941948,2196888,4444626,8896655,0,0,0,0,0,0,0,1.30964172619202e-05
"SRR1950814","SRR1950814","PASS","PASS","PASS/FAIL","PASS","FAIL","PASS","PASS","PASS","WARN","PASS","PASS","FAIL","50","49","39.0","40.0","39.0","38.0",0.937762720731819,0.76168071936414,0.0107418035514727,0.0143428811253744,0.0169976174281263,"50","49","39.0","39.0","38.0","38.0",0.883484802448188,0.705396275343538,0.010177319284471,0.0136024105868958,0.0160595773961971,-643.072778500803,"/dcl01/lieber/ajaffe/lab/libd_stem_timecourse/otherData/Marchetto/HISAT2_out/SRR1950814_accepted_hits.sorted.bam",FALSE,120463942,115112303,5351639,0.9556,0.9217,117793283,2997766,0.0248177826487789,0.717797987400256,44786948,2513875,5354308,9739789,0,0,0,0,0,0,0,1.23473472673333e-05
"SRR1950815","SRR1950815","PASS","PASS","WARN","PASS","FAIL","PASS","PASS","PASS","WARN","PASS","PASS","FAIL","50","49","39.0","40.0","40.0","38.0",0.945875257016783,0.78562968409732,0.016839269654625,0.021856069463907,0.0256385772566196,"50","49","39.0","39.0","39.0","38.0",0.882165369107704,0.71867040869499,0.0158040569955669,0.0202904525166226,0.0236819115713668,-643.072778500803,"/dcl01/lieber/ajaffe/lab/libd_stem_timecourse/otherData/Marchetto/HISAT2_out/SRR1950815_accepted_hits.sorted.bam",FALSE,140647430,133838820,6808610,0.9516,0.9115,135571824,4915939,0.0349919373404785,0.722419640959483,52647342,2951733,6440399,10836925,0,0,0,0,0,0,0,1.38848415177351e-05
"SRR1950816","SRR1950816","PASS","PASS","WARN","PASS","FAIL","PASS","PASS","PASS","WARN","PASS","PASS","FAIL","50","49","39.0","40.0","40.0","38.0",0.948120693406487,0.791722239537921,0.0147532534735812,0.019248618051371,0.0232079338553932,"50","49","39.0","40.0","38.0","38.0",0.898674363294668,0.742514346898723,0.0140742583601422,0.0182197022106115,0.0218142070435975,-623.141208488785,"/dcl01/lieber/ajaffe/lab/libd_stem_timecourse/otherData/Marchetto/HISAT2_out/SRR1950816_accepted_hits.sorted.bam",FALSE,134316136,127702646,6613490,0.9508,0.9128,129614478,4632797,0.0345094304521265,0.727340394632805,50381405,2880348,6172439,9833795,0,0,0,0,0,0,0,1.11152120509541e-05
"SRR1950817","SRR1950817","PASS","PASS","WARN","PASS","FAIL","PASS","PASS","PASS","WARN","PASS","PASS","FAIL","50","49","39.0","40.0","39.0","38.0",0.938218031702478,0.756696433029272,0.0101649386579145,0.0139502087020751,0.0172214068985187,"50","49","39.0","39.0","38.0","38.0",0.864951236032132,0.683126815755392,0.00958614553440579,0.0129202158273328,0.0158511650310429,-643.072778500803,"/dcl01/lieber/ajaffe/lab/libd_stem_timecourse/otherData/Marchetto/HISAT2_out/SRR1950817_accepted_hits.sorted.bam",FALSE,108156088,102482256,5673832,0.9475,0.9007,104153570,3108917,0.0289841964973272,0.715925284525109,39985239,2283914,4543189,9038792,0,0,0,0,0,0,0,1.33049098443553e-05
"SRR1950818","SRR1950818","PASS","PASS","WARN/PASS","PASS","FAIL","PASS","PASS","PASS","WARN","PASS","PASS","FAIL","50","49","39.0","40.0","40.0","38.0",0.95011213185945,0.804329338969029,0.0179520499550888,0.0246293064726325,0.0291135851739764,"50","49","39.0","40.0","39.0","38.0",0.908314733886125,0.764394478624503,0.0169140570500316,0.0232527835074129,0.0275254809211552,-643.072778500803,"/dcl01/lieber/ajaffe/lab/libd_stem_timecourse/otherData/Marchetto/HISAT2_out/SRR1950818_accepted_hits.sorted.bam",FALSE,160694740,154772986,5921754,0.9631,0.9266,156865849,5912374,0.036321652190539,0.738309680043627,61818307,3652411,7473486,10785305,0,0,0,0,0,0,0,1.06440960927642e-05
"SRR1950819","SRR1950819","PASS","PASS","WARN","PASS","FAIL","PASS","PASS","PASS","WARN","PASS","PASS","FAIL","50","48","39.0","40.0","40.0","38.0",0.940532806077036,0.764439717899881,0.0152404837687122,0.0191650718636595,0.0227026519659107,"50","49","39.0","39.0","38.0","38.0",0.876833470805961,0.700710475813972,0.0147862490355007,0.0183547170996102,0.0215725159496805,-643.072778500803,"/dcl01/lieber/ajaffe/lab/libd_stem_timecourse/otherData/Marchetto/HISAT2_out/SRR1950819_accepted_hits.sorted.bam",FALSE,110075246,104734608,5340638,0.9515,0.9104,106990338,2797185,0.0254781684071695,0.696207284297791,39627829,2245013,4838263,10208479,0,0,0,0,0,0,0,1.50399356977138e-05
"SRR1950820","SRR1950820","PASS","PASS","WARN/PASS","PASS","FAIL","PASS","PASS","PASS","WARN","PASS","PASS","FAIL","50","49","39.0","40.0","40.0","38.0",0.950142385096758,0.801374766154533,0.0121004501206285,0.0159491108058957,0.0186312781229464,"50","49","39.0","40.0","39.0","38.0",0.911022207347726,0.764532953322538,0.0115018548395699,0.0152027852791914,0.0178005353130158,-623.141208488785,"/dcl01/lieber/ajaffe/lab/libd_stem_timecourse/otherData/Marchetto/HISAT2_out/SRR1950820_accepted_hits.sorted.bam",FALSE,104244056,100739820,3504236,0.9664,0.9363,102986296,2739585,0.025912151065452,0.70801344856345,38416649,2254215,4626482,8962427,0,0,0,0,0,0,0,1.24685523716553e-05
"SRR1950821","SRR1950821","PASS","PASS","WARN/FAIL","PASS","FAIL","PASS","PASS","PASS","WARN","PASS","PASS","FAIL","50","49","39.0","40.0","40.0","38.0",0.942832420330749,0.77554404839637,0.0163894854474817,0.021476720604094,0.0255110554834741,"50","49","39.0","39.0","39.0","37.0",0.868361868713696,0.695411659252252,0.0151027771261036,0.0196215378224396,0.0230843419272409,-643.072778500803,"/dcl01/lieber/ajaffe/lab/libd_stem_timecourse/otherData/Marchetto/HISAT2_out/SRR1950821_accepted_hits.sorted.bam",FALSE,130876592,123690065,7186527,0.9451,0.9,124501369,4441884,0.0344483631105538,0.775024632620768,51990817,3051181,5198667,6842128,0,0,0,0,0,0,0,6.80889473231398e-06
"SRR1950822","SRR1950822","PASS","PASS","WARN/FAIL","PASS","FAIL","PASS","PASS","PASS","WARN","PASS","PASS","FAIL","50","49","39.0","40.0","39.0","38.0",0.941300479284019,0.769828277399881,0.011522750641571,0.0156078702436979,0.0191292131922471,"50","49","39.0","39.0","38.0","38.0",0.877237603534982,0.705079086483444,0.0108308429303621,0.0144908689059946,0.0175901330764642,-643.072778500803,"/dcl01/lieber/ajaffe/lab/libd_stem_timecourse/otherData/Marchetto/HISAT2_out/SRR1950822_accepted_hits.sorted.bam",FALSE,132676654,125660503,7016151,0.9471,0.9068,126538816,5928882,0.0447571905416519,0.729787186208303,50151957,2952782,6685282,8931324,0,0,0,0,0,0,0,1.12458223713982e-05
"SRR1950823","SRR1950823","PASS","PASS","WARN","PASS","FAIL","PASS","PASS","PASS","FAIL/WARN","PASS","PASS","FAIL","50","49","39.0","40.0","40.0","38.0",0.949201578995451,0.792512362928,0.0137551594736165,0.0180777632514129,0.0216645714457824,"50","49","39.0","40.0","38.0","38.0",0.899794655230872,0.741618226009658,0.0127819096891687,0.0166561624426689,0.0198742917459795,-643.072778500803,"/dcl01/lieber/ajaffe/lab/libd_stem_timecourse/otherData/Marchetto/HISAT2_out/SRR1950823_accepted_hits.sorted.bam",FALSE,128024688,121073315,6951373,0.9457,0.91,122987572,4050158,0.0318815362963428,0.758145172765595,49620061,2933418,5672585,7223223,0,0,0,0,0,0,0,8.12171512646871e-06
"SRR1950824","SRR1950824","PASS","PASS","WARN","PASS","FAIL","PASS","PASS","PASS","WARN","PASS","PASS","FAIL","50","49","39.0","40.0","40.0","38.0",0.943931670184952,0.781666358786258,0.0175624129756239,0.0228664740655957,0.02709301175068,"50","49","39.0","39.0","39.0","37.0",0.878795711101736,0.713506527842195,0.0167198906364226,0.0213694302397422,0.025136410285262,-623.141208488785,"/dcl01/lieber/ajaffe/lab/libd_stem_timecourse/otherData/Marchetto/HISAT2_out/SRR1950824_accepted_hits.sorted.bam",FALSE,114893096,108923283,5969813,0.948,0.9072,110443104,3942922,0.0344703119592598,0.73515566913722,43791686,2546510,5594806,7634907,0,0,0,0,0,0,0,9.88772160998779e-06
"SRR1950825","SRR1950825","PASS","PASS","WARN","PASS","FAIL","PASS","PASS","PASS","WARN","PASS","PASS","FAIL","50","49","39.0","40.0","40.0","38.0",0.944680417566829,0.775962197052499,0.0166170626212304,0.0205028939803503,0.0240156604490021,"50","49","39.0","39.0","38.0","38.0",0.880992033465739,0.709602887785592,0.0161562177565345,0.0196815242215045,0.0228463057923246,-623.141208488785,"/dcl01/lieber/ajaffe/lab/libd_stem_timecourse/otherData/Marchetto/HISAT2_out/SRR1950825_accepted_hits.sorted.bam",FALSE,127591744,121370343,6221401,0.9512,0.9111,123814074,4094526,0.0320113424742355,0.708595186994901,46959391,2740304,6182711,10388706,0,0,0,0,0,0,0,1.38630417928546e-05
"SRR1950826","SRR1950826","PASS","PASS","WARN/FAIL","PASS","FAIL","PASS","PASS","PASS","WARN","PASS","PASS","FAIL","50","49","39.0","40.0","40.0","38.0",0.941496197936427,0.772825585412764,0.0185914983960766,0.0237614785666583,0.0277548295143707,"50","49","39.0","39.0","39.0","37.0",0.876223637641178,0.70681920195331,0.0178272569072675,0.0223975723452937,0.0260485279725248,-623.141208488785,"/dcl01/lieber/ajaffe/lab/libd_stem_timecourse/otherData/Marchetto/HISAT2_out/SRR1950826_accepted_hits.sorted.bam",FALSE,105725744,99781962,5943782,0.9438,0.9043,101271062,3740247,0.0356175638187693,0.727670904393765,39693587,2286303,5168868,7400059,0,0,0,0,0,0,0,1.31759319206904e-05
"SRR1950827","SRR1950827","PASS","PASS","WARN/FAIL","PASS","FAIL","PASS","PASS","PASS","WARN","PASS","PASS","FAIL","50","49","39.0","40.0","39.0","38.0",0.942964027947384,0.773817571024255,0.0129519306480749,0.0170613368933168,0.0206242129678718,"50","49","39.0","39.0","38.0","38.0",0.879868517356891,0.708975938258278,0.0122030591546526,0.0158118270756011,0.0189575045465782,-643.072778500803,"/dcl01/lieber/ajaffe/lab/libd_stem_timecourse/otherData/Marchetto/HISAT2_out/SRR1950827_accepted_hits.sorted.bam",FALSE,95877598,91073848,4803750,0.9499,0.911,92375731,2701140,0.0284100641048652,0.756083819232898,37308234,2246958,4137635,5651218,0,0,0,0,0,0,0,7.96070915605386e-06
"SRR1950828","SRR1950828","PASS","PASS","WARN","PASS","FAIL","PASS","PASS","PASS","WARN","PASS","PASS","FAIL","50","49","39.0","40.0","39.0","38.0",0.939264701943653,0.758974279904654,0.0110455606781762,0.0150530655451679,0.0184712966174554,"50","49","39.0","39.0","38.0","38.0",0.866239855214099,0.684434777991209,0.01013285089089,0.0136485558239557,0.0167322743285729,-643.072778500803,"/dcl01/lieber/ajaffe/lab/libd_stem_timecourse/otherData/Marchetto/HISAT2_out/SRR1950828_accepted_hits.sorted.bam",FALSE,90280614,85436324,4844290,0.9463,0.9029,86841229,2389258,0.0267762519328175,0.758825118005825,35181865,2163410,3645438,5372888,0,0,0,0,0,0,0,8.92505272247506e-06
"SRR1950829","SRR1950829","PASS","PASS","WARN/FAIL","PASS","FAIL","PASS","PASS","PASS","WARN","PASS","PASS","FAIL","50","49","39.0","40.0","39.0","38.0",0.942048936798263,0.769350414465306,0.0142168094989582,0.0184523139605565,0.0221337650410473,"50","49","39.0","39.0","38.0","38.0",0.872603518866452,0.696979644746312,0.0136460677629981,0.0173926034274143,0.0206735339914419,-643.072778500803,"/dcl01/lieber/ajaffe/lab/libd_stem_timecourse/otherData/Marchetto/HISAT2_out/SRR1950829_accepted_hits.sorted.bam",FALSE,119844048,113549697,6294351,0.9475,0.9062,114872162,3669592,0.0309561135732815,0.761389733413262,46908939,2773155,5105972,6821563,0,0,0,0,0,0,0,7.35467497996491e-06
"SRR1950830","SRR1950830","PASS","PASS","WARN/PASS","PASS","FAIL","PASS","WARN/PASS","PASS","WARN","PASS","PASS","FAIL","50","49","39.0","40.0","39.0","38.0",0.939456099275614,0.781836267704154,0.00786444131598918,0.0105676974524427,0.0126902426210424,"50","49","39.0","40.0","39.0","38.0",0.904862370568997,0.753409332354426,0.00748558175407381,0.00998232837522102,0.0119402870128246,-623.141208488785,"/dcl01/lieber/ajaffe/lab/libd_stem_timecourse/otherData/Marchetto/HISAT2_out/SRR1950830_accepted_hits.sorted.bam",FALSE,128807624,125136169,3671455,0.9715,0.9438,125767897,4663711,0.035755987919738,0.779153662678415,51979824,3009774,4989590,6733999,0,0,0,0,0,0,0,7.13738468987506e-06
"SRR1950831","SRR1950831","PASS","PASS","WARN/PASS","PASS","FAIL","PASS","WARN/PASS","PASS","WARN","PASS","PASS","FAIL","50","47","39.0","40.0","39.0","38.0",0.94334955264781,0.791130332167826,0.0194184616688845,0.0249617023357141,0.0285002688762752,"50","48","39.0","40.0","39.0","38.0",0.899960889167303,0.749680399135241,0.018048914870409,0.0234106905864406,0.0267780637771923,-643.072778500803,"/dcl01/lieber/ajaffe/lab/libd_stem_timecourse/otherData/Marchetto/HISAT2_out/SRR1950831_accepted_hits.sorted.bam",FALSE,116826968,113118893,3708075,0.9683,0.9111,114935754,3653036,0.0308042269425297,0.721594188316394,43962527,3435345,5290165,8236133,0,0,0,0,0,0,0,1.21694551361891e-05
"SRR1950832","SRR1950832","PASS","PASS","WARN/PASS","PASS","FAIL","PASS","PASS","PASS","FAIL/WARN","PASS","PASS","FAIL","50","48","39.0","40.0","40.0","38.0",0.952393404434154,0.808288353911992,0.00942484026763004,0.012748687802102,0.0151395480170522,"50","48","39.0","40.0","39.0","38.0",0.914438787273052,0.774375214518104,0.00883963776735236,0.0119607177688333,0.0141898772929174,-623.141208488785,"/dcl01/lieber/ajaffe/lab/libd_stem_timecourse/otherData/Marchetto/HISAT2_out/SRR1950832_accepted_hits.sorted.bam",FALSE,155843490,151151859,4691631,0.9699,0.9363,153094252,5517326,0.0347851403382419,0.746798648287808,60678597,3629360,7019754,9923905,0,0,0,0,0,0,0,9.77280341534594e-06
"SRR1950833","SRR1950833","PASS","PASS","WARN/PASS","PASS","FAIL","PASS","WARN/PASS","PASS","FAIL","PASS","PASS","FAIL","50","50","39.0","40.0","39.0","38.0",0.938309393434395,0.779029938184564,0.0137642037103947,0.0183437798169779,0.0214502789233087,"50","50","39.0","40.0","39.0","38.0",0.894449477332649,0.737102150636974,0.0129459941049646,0.0173712193152853,0.0203173733157901,-643.072778500803,"/dcl01/lieber/ajaffe/lab/libd_stem_timecourse/otherData/Marchetto/HISAT2_out/SRR1950833_accepted_hits.sorted.bam",FALSE,133462134,128746776,4715358,0.9647,0.9326,131057800,4063357,0.0300719523886256,0.780121501572458,54042651,3588348,6023625,5620035,0,0,0,0,0,0,0,4.47794465153088e-06
"SRR1950834","SRR1950834","PASS","PASS","PASS/FAIL","PASS","FAIL","PASS","PASS","PASS","WARN","PASS","PASS","FAIL","50","49","39.0","40.0","39.0","38.0",0.937501810044627,0.758741683505212,0.00916162577346593,0.0121069446886742,0.0142484171254059,"50","49","39.0","39.0","38.0","38.0",0.880397112233951,0.6994571319714,0.008718398169721,0.0115398039914091,0.0135621292228331,-643.072778500803,"/dcl01/lieber/ajaffe/lab/libd_stem_timecourse/otherData/Marchetto/HISAT2_out/SRR1950834_accepted_hits.sorted.bam",FALSE,125894686,120937084,4957602,0.9606,0.9273,121438332,4495505,0.0356973559060223,0.77811090479174,50555070,2898081,4915981,6602416,0,0,0,0,0,0,0,6.70555890833501e-06
"SRR1950835","SRR1950835","PASS","PASS","WARN/PASS","PASS","FAIL","PASS","PASS","PASS","WARN","PASS","PASS","FAIL","50","48","39.0","40.0","40.0","38.0",0.952146124396753,0.809791791043639,0.0301921693970971,0.039317176138835,0.0449416415011993,"50","48","39.0","40.0","39.0","38.0",0.904395003449164,0.763161187491799,0.0288057190193115,0.0380044731215699,0.0436830198816493,-623.141208488785,"/dcl01/lieber/ajaffe/lab/libd_stem_timecourse/otherData/Marchetto/HISAT2_out/SRR1950835_accepted_hits.sorted.bam",FALSE,40679422,39109098,1570324,0.9614,0.9199,39703224,960342,0.0236167678948767,0.751886150867899,15740211,997004,1509842,2687244,0,0,0,0,0,0,0,9.46620092958093e-06
"SRR1950836","SRR1950836","PASS","PASS","WARN","PASS","FAIL","PASS","PASS","PASS","WARN","PASS","PASS","FAIL","50","49","39.0","40.0","40.0","37.0",0.947831625149777,0.796784877994265,0.0335849252555502,0.0397340348607166,0.0447433171627325,"50","49","39.0","39.0","39.0","37.0",0.88606168688922,0.73008743651303,0.0325328975796026,0.0380736811962925,0.0425671406884921,-643.072778500803,"/dcl01/lieber/ajaffe/lab/libd_stem_timecourse/otherData/Marchetto/HISAT2_out/SRR1950836_accepted_hits.sorted.bam",FALSE,127563184,121036807,6526377,0.9488,0.9091,121686319,5261694,0.0414476278569244,0.752343823440673,49492481,2904948,5698111,7688852,0,0,0,0,0,0,0,9.61762252330814e-06
"SRR1950837","SRR1950837","PASS","PASS","WARN/FAIL","PASS","FAIL","PASS","PASS","PASS","WARN","PASS","PASS","FAIL","50","49","39.0","40.0","40.0","38.0",0.942654324710048,0.775714564814064,0.0210946464533247,0.026455861216427,0.0307629534797969,"50","49","39.0","39.0","39.0","37.0",0.87907939526961,0.710955934212232,0.0201973355651227,0.0250462990638922,0.0290188598893304,-623.141208488785,"/dcl01/lieber/ajaffe/lab/libd_stem_timecourse/otherData/Marchetto/HISAT2_out/SRR1950837_accepted_hits.sorted.bam",FALSE,114787418,108634176,6153242,0.9464,0.9076,109022889,4711572,0.041426072261423,0.732896304100076,43290200,2555768,5121198,8100126,0,0,0,0,0,0,0,1.14575585236381e-05
"SRR1950838","SRR1950838","PASS","FAIL/PASS","FAIL","PASS","FAIL","PASS","FAIL/PASS","PASS","WARN","PASS","PASS","FAIL","50","49","39.0","40.0","40.0","38.0",0.935857885865231,0.739909314402347,0.0118934620656286,0.0151837028400628,0.0187695390932914,"50","49","39.0","39.0","38.0","38.0",0.881581711907013,0.717901271481512,0.0129102486078691,0.0166709659558818,0.0197615637106066,-623.141208488785,"/dcl01/lieber/ajaffe/lab/libd_stem_timecourse/otherData/Marchetto/HISAT2_out/SRR1950838_accepted_hits.sorted.bam",FALSE,129230664,121903832,7326832,0.9433,0.8987,123464527,4949287,0.0385417023747928,0.72888062675073,48795114,2885213,6386188,8878760,0,0,0,0,0,0,0,1.02879153023395e-05
"SRR1950839","SRR1950839","PASS","PASS","WARN/PASS","PASS","FAIL","PASS","WARN/PASS","PASS","FAIL","PASS","PASS","FAIL","50","48","39.0","40.0","40.0","38.0",0.95202667925072,0.82291955735989,0.011482652353195,0.0164540007695675,0.0202355078868357,"50","49","39.0","40.0","40.0","39.0",0.922985224290897,0.798711483931091,0.0108590113964231,0.0155705094141406,0.0191961062922159,-623.141208488785,"/dcl01/lieber/ajaffe/lab/libd_stem_timecourse/otherData/Marchetto/HISAT2_out/SRR1950839_accepted_hits.sorted.bam",FALSE,146237990,140127343,6110647,0.9582,0.9214,141222665,6273862,0.0425356591616561,0.739084868031631,56146698,3572339,7144905,9103921,0,0,0,0,0,0,0,8.94086416266189e-06
"SRR1950840","SRR1950840","PASS","PASS","PASS/FAIL","PASS","FAIL","PASS","PASS","PASS","WARN","PASS","PASS","FAIL","50","49","39.0","40.0","39.0","38.0",0.938078718893602,0.761741821341219,0.0076005764744926,0.0100992275260262,0.0121316893727478,"50","49","39.0","39.0","39.0","38.0",0.888611105426919,0.713676068046392,0.00711284717440877,0.00949918201488205,0.0113824017729345,-623.141208488785,"/dcl01/lieber/ajaffe/lab/libd_stem_timecourse/otherData/Marchetto/HISAT2_out/SRR1950840_accepted_hits.sorted.bam",FALSE,129990140,125379596,4610544,0.9645,0.9288,126726043,4194317,0.0320371636619392,0.765073337213747,51492362,3113534,5176488,7521441,0,0,0,0,0,0,0,7.80698310168797e-06
"SRR1950841","SRR1950841","PASS","PASS","WARN/PASS","PASS","FAIL","PASS","WARN/PASS","PASS","WARN","PASS","PASS","FAIL","50","48","39.0","40.0","40.0","38.0",0.952632246287476,0.82583590554152,0.0629027467341605,0.0841008863725242,0.0964757259619189,"50","48","39.0","40.0","40.0","39.0",0.91303064516314,0.787923597245812,0.0597705110547134,0.0810295751856979,0.093630193777158,-643.072778500803,"/dcl01/lieber/ajaffe/lab/libd_stem_timecourse/otherData/Marchetto/HISAT2_out/SRR1950841_accepted_hits.sorted.bam",FALSE,55806784,53730499,2076285,0.9628,0.9191,54538567,1356775,0.0242734895512402,0.750308272197103,21561443,1410097,2104515,3660724,0,0,0,0,0,0,0,1.08063268307228e-05
"SRR1950842","SRR1950842","PASS","PASS","WARN","PASS","FAIL","PASS","PASS","PASS","WARN","PASS","PASS","FAIL","50","49","39.0","40.0","39.0","38.0",0.938567291737007,0.760007031207214,0.0116585623493722,0.0156102098146459,0.0192151863815969,"50","49","39.0","39.0","38.0","38.0",0.873477345768171,0.695046415526111,0.0112157053058502,0.0147345151177267,0.0179767897621551,-643.072778500803,"/dcl01/lieber/ajaffe/lab/libd_stem_timecourse/otherData/Marchetto/HISAT2_out/SRR1950842_accepted_hits.sorted.bam",FALSE,99806474,94964472,4842002,0.9515,0.9111,97204503,3315158,0.0329801947899526,0.702076449242768,36570675,2313568,5169088,8035975,0,0,0,0,0,0,0,1.27971386910414e-05
"SRR1950843","SRR1950843","PASS","PASS","WARN/FAIL","PASS","FAIL","PASS","PASS","PASS","WARN","PASS","PASS","FAIL","50","48","39.0","40.0","40.0","38.0",0.943711708536065,0.777945997455914,0.0156751165836796,0.0209719583045213,0.0251917571311355,"50","49","39.0","39.0","39.0","37.0",0.881025989404052,0.714171871246316,0.0145718380292081,0.0193329199513828,0.0230777152451583,-623.141208488785,"/dcl01/lieber/ajaffe/lab/libd_stem_timecourse/otherData/Marchetto/HISAT2_out/SRR1950843_accepted_hits.sorted.bam",FALSE,144841028,137224528,7616500,0.9474,0.9083,139638984,4598556,0.03188182493961,0.714625253000401,53455932,2984448,6838326,11524041,0,0,0,0,0,0,0,1.15983386090808e-05
"SRR1950844","SRR1950844","PASS","PASS","PASS/FAIL","PASS","FAIL","PASS","PASS","PASS","FAIL","PASS","PASS","FAIL","50","48","39.0","40.0","39.0","38.0",0.939755194683529,0.765675682200458,0.00564872896120857,0.00812129413434475,0.0102449085774012,"50","48","39.0","39.0","39.0","38.0",0.888613702070282,0.713737171876822,0.00536814408845061,0.00768973466000128,0.00959543293284472,-643.072778500803,"/dcl01/lieber/ajaffe/lab/libd_stem_timecourse/otherData/Marchetto/HISAT2_out/SRR1950844_accepted_hits.sorted.bam",FALSE,140420970,134741480,5679490,0.9596,0.9216,135454262,5331614,0.0378703755765955,0.777559027123122,56479349,3302814,5801035,7053537,0,0,0,0,0,0,0,6.37401114520637e-06
"SRR1950845","SRR1950845","PASS","PASS","WARN/FAIL","PASS","FAIL","PASS","PASS","PASS","WARN","PASS","PASS","FAIL","50","49","39.0","40.0","40.0","38.0",0.941504302104845,0.774024995245832,0.0234889252911719,0.0290221093825587,0.0336845301047251,"50","49","39.0","39.0","39.0","37.0",0.86297986234599,0.694362791380444,0.0224813753390472,0.0273673253552281,0.0314275514868034,-643.072778500803,"/dcl01/lieber/ajaffe/lab/libd_stem_timecourse/otherData/Marchetto/HISAT2_out/SRR1950845_accepted_hits.sorted.bam",FALSE,119894800,112981692,6913108,0.9423,0.8974,114004666,4342655,0.0366941555018385,0.766865192997914,47347484,2761520,5323557,6309039,0,0,0,0,0,0,0,7.20207223682678e-06
"SRR1950846","SRR1950846","PASS","FAIL/PASS","FAIL","PASS","FAIL","PASS","FAIL/PASS","PASS","WARN","PASS","PASS","FAIL","50","49","39.0","40.0","40.0","38.0",0.935817606719438,0.742251422910772,0.0116059419839194,0.0150504214957742,0.0187871892362486,"50","49","39.0","40.0","38.0","38.0",0.881929572553819,0.720587810683009,0.0127799394546735,0.0166959557773401,0.0199983283051145,-643.072778500803,"/dcl01/lieber/ajaffe/lab/libd_stem_timecourse/otherData/Marchetto/HISAT2_out/SRR1950846_accepted_hits.sorted.bam",FALSE,123850352,116768847,7081505,0.9428,0.8979,117569619,4904465,0.0400449208503572,0.749123048464948,47971084,2820064,5857607,7387566,0,0,0,0,0,0,0,8.83865788815612e-06
"SRR1950847","SRR1950847","PASS","PASS","WARN","PASS","FAIL","PASS","PASS","PASS","WARN","PASS","PASS","FAIL","50","49","39.0","40.0","40.0","38.0",0.943217681920117,0.778006901128982,0.0162370297402871,0.021835445360608,0.026234727906885,"50","49","39.0","39.0","39.0","37.0",0.878942849598276,0.709719713424326,0.0151545610909346,0.0201105839930177,0.024060930018963,-643.072778500803,"/dcl01/lieber/ajaffe/lab/libd_stem_timecourse/otherData/Marchetto/HISAT2_out/SRR1950847_accepted_hits.sorted.bam",FALSE,135431174,128124065,7307109,0.946,0.906,129776149,4770383,0.035455265394726,0.725064611403711,50703202,3008594,6446538,9770885,0,0,0,0,0,0,0,1.11432804579088e-05
"SRR1950848","SRR1950848","PASS","PASS","WARN","PASS","FAIL","PASS","PASS","PASS","WARN","PASS","PASS","FAIL","50","49","39.0","40.0","40.0","38.0",0.940115137247535,0.762485106258735,0.0100559298317984,0.0137524166448683,0.017082323070622,"50","49","39.0","39.0","38.0","38.0",0.876549096854123,0.698884055015997,0.0094212774431848,0.0127253456037532,0.0157419630641353,-643.072778500803,"/dcl01/lieber/ajaffe/lab/libd_stem_timecourse/otherData/Marchetto/HISAT2_out/SRR1950848_accepted_hits.sorted.bam",FALSE,123847324,118332250,5515074,0.9555,0.9171,119304623,4007418,0.0324981888832738,0.757730840573332,48269680,2799692,4841335,7792230,0,0,0,0,0,0,0,9.90269668247231e-06
"SRR1950849","SRR1950849","PASS","PASS","PASS/FAIL","PASS","FAIL","PASS","PASS","PASS","WARN","PASS","PASS","FAIL","50","49","39.0","40.0","39.0","38.0",0.938203764928094,0.761708907217844,0.00725467055010497,0.00962813212392388,0.0115955004086981,"50","49","39.0","39.0","39.0","38.0",0.885386187760905,0.70942371673469,0.00688093529205987,0.00906995608918119,0.0109256891670069,-623.141208488785,"/dcl01/lieber/ajaffe/lab/libd_stem_timecourse/otherData/Marchetto/HISAT2_out/SRR1950849_accepted_hits.sorted.bam",FALSE,123616916,119196153,4420763,0.9642,0.9259,118957770,5253803,0.0422972100997385,0.777204030124209,49662694,3027842,4638027,6570609,0,0,0,0,0,0,0,8.27582974052918e-06
"SRR1950850","SRR1950850","PASS","PASS","WARN/PASS","PASS","FAIL","PASS","WARN/PASS","PASS","FAIL","PASS","PASS","FAIL","50","49","39.0","40.0","39.0","38.0",0.939110408865583,0.780874088504533,0.00832802173954428,0.0113145390827669,0.0135301957121456,"50","49","39.0","40.0","39.0","38.0",0.904164203206335,0.751903840441707,0.00777978681142734,0.0105845688193626,0.0126745251751675,-623.141208488785,"/dcl01/lieber/ajaffe/lab/libd_stem_timecourse/otherData/Marchetto/HISAT2_out/SRR1950850_accepted_hits.sorted.bam",FALSE,132060174,128108751,3951423,0.9701,0.9403,128841109,5549981,0.0412972392738239,0.766550924946024,52694791,3114715,5903567,7029641,0,0,0,0,0,0,0,8.10326774044896e-06
"SRR1950851","SRR1950851","PASS","PASS","WARN","PASS","FAIL","PASS","PASS","PASS","WARN","PASS","PASS","FAIL","50","49","39.0","40.0","40.0","37.0",0.94857529884756,0.796621473129753,0.0222501545504703,0.0279749379954428,0.032631855617461,"50","49","39.0","39.0","39.0","37.0",0.888772728162168,0.732664373410062,0.0208990977910419,0.0259847350252222,0.0301736009605679,-643.072778500803,"/dcl01/lieber/ajaffe/lab/libd_stem_timecourse/otherData/Marchetto/HISAT2_out/SRR1950851_accepted_hits.sorted.bam",FALSE,101698170,96629443,5068727,0.9502,0.9097,93233107,8599173,0.0844444708495184,0.737342157023055,38928645,2134689,5253494,6479075,0,0,0,0,0,0,0,6.08806188861698e-06
"SRR1950852","SRR1950852","PASS","PASS","WARN/FAIL","PASS","FAIL","PASS","PASS","PASS","FAIL/WARN","PASS","PASS","FAIL","50","48","39.0","40.0","40.0","38.0",0.944144933914116,0.777273640469777,0.0293634193399995,0.0345726235969946,0.0387416039309685,"50","49","39.0","39.0","39.0","37.0",0.867078583662367,0.697872149203683,0.0288837305879327,0.0334353839713081,0.0371435397176223,-623.141208488785,"/dcl01/lieber/ajaffe/lab/libd_stem_timecourse/otherData/Marchetto/HISAT2_out/SRR1950852_accepted_hits.sorted.bam",FALSE,148429580,140094013,8335567,0.9438,0.8979,133512842,14445175,0.0976302284451406,0.720537070810102,55718641,2967181,8180017,10463480,0,0,0,0,0,0,0,8.72239507779811e-06
"SRR1950853","SRR1950853","PASS","PASS","WARN","PASS","FAIL","PASS","PASS","PASS","FAIL/WARN","PASS","PASS","FAIL","50","49","39.0","40.0","40.0","38.0",0.943668144901269,0.776293600127935,0.0179830478964409,0.0232910515562644,0.0276620491335096,"50","49","39.0","39.0","39.0","37.0",0.880312512577227,0.708679699527272,0.0172565286874852,0.0220451050624011,0.0259221374765479,-643.072778500803,"/dcl01/lieber/ajaffe/lab/libd_stem_timecourse/otherData/Marchetto/HISAT2_out/SRR1950853_accepted_hits.sorted.bam",FALSE,117822074,111522888,6299186,0.9465,0.9069,111575192,5780181,0.0492536545386806,0.740921443555396,45196886,2545204,6033082,7225743,0,0,0,0,0,0,0,5.84111038092315e-06
"SRR1950854","SRR1950854","PASS","PASS","WARN/FAIL","PASS","FAIL","PASS","PASS","PASS","FAIL/WARN","PASS","PASS","FAIL","50","49","39.0","40.0","39.0","38.0",0.943135564515067,0.76905455893542,0.0157840109270739,0.0196082131516884,0.023123742858173,"50","49","39.0","39.0","38.0","38.0",0.874355602320276,0.697318648597011,0.015508708410904,0.0189391446123907,0.0220642452959434,-643.072778500803,"/dcl01/lieber/ajaffe/lab/libd_stem_timecourse/otherData/Marchetto/HISAT2_out/SRR1950854_accepted_hits.sorted.bam",FALSE,119868138,113450088,6418050,0.9465,0.9056,111729141,7174808,0.0603412086843306,0.764039543535111,47302456,2652968,5771906,6183675,0,0,0,0,0,0,0,4.96802956700599e-06
"SRR1950855","SRR1950855","PASS","PASS","WARN/PASS","PASS","FAIL","PASS","WARN/PASS","PASS","WARN","PASS","PASS","FAIL","50","48","39.0","40.0","39.0","38.0",0.939327154654587,0.77797182527549,0.00879788446175597,0.0126921336797979,0.015465311153252,"50","48","39.0","40.0","39.0","38.0",0.905510278352421,0.748755346953793,0.00834481975294698,0.0120283411994498,0.0146034345676572,-643.072778500803,"/dcl01/lieber/ajaffe/lab/libd_stem_timecourse/otherData/Marchetto/HISAT2_out/SRR1950855_accepted_hits.sorted.bam",FALSE,94909180,91192574,3716606,0.9608,0.9264,86971359,8895967,0.0927945669413998,0.733466768655637,36210328,2094750,4694683,6368976,0,0,0,0,0,0,0,6.32416254279718e-06
"SRR1950856","SRR1950856","PASS","PASS","WARN/FAIL","PASS","FAIL","PASS","PASS","PASS","WARN","PASS","PASS","FAIL","50","48","39.0","40.0","40.0","38.0",0.940362224623709,0.766001102250167,0.0191155440162753,0.0242784200284381,0.0284055393329228,"50","49","39.0","39.0","39.0","37.0",0.864151634923404,0.686743372875967,0.0181858374834449,0.0227707400426884,0.0264913336769241,-643.072778500803,"/dcl01/lieber/ajaffe/lab/libd_stem_timecourse/otherData/Marchetto/HISAT2_out/SRR1950856_accepted_hits.sorted.bam",FALSE,113153986,105933673,7220313,0.9362,0.8913,105618345,6188123,0.0553467353963815,0.706447000134954,41349108,2298986,6192703,8690286,0,0,0,0,0,0,0,8.92401354824873e-06
"SRR1950857","SRR1950857","PASS","PASS","WARN/PASS","PASS","FAIL","PASS","WARN/PASS","PASS","FAIL","PASS","PASS","FAIL","50","49","39.0","40.0","40.0","38.0",0.952409550453064,0.8230400530671,0.0161583632769167,0.0227134037083712,0.0272952579984406,"50","49","39.0","40.0","40.0","39.0",0.924376016154591,0.800857233308659,0.0151267931691778,0.0212683350342391,0.0255774253577053,-643.072778500803,"/dcl01/lieber/ajaffe/lab/libd_stem_timecourse/otherData/Marchetto/HISAT2_out/SRR1950857_accepted_hits.sorted.bam",FALSE,137848120,132633209,5214911,0.9622,0.9269,131355323,8536158,0.0610198558123779,0.730936933515952,52587974,3080243,7259272,9018491,0,0,0,0,0,0,0,6.10405717474493e-06
"SRR1950858","SRR1950858","PASS","PASS","WARN/PASS","PASS","FAIL","PASS","WARN/PASS","PASS","FAIL","PASS","PASS","FAIL","50","49","39.0","40.0","40.0","38.0",0.952343894852358,0.823097659102677,0.027626344671705,0.0369689598345789,0.0427255206925114,"50","49","39.0","40.0","40.0","39.0",0.921596636287925,0.796170577862281,0.0259002343220537,0.035007782767331,0.0406459523587367,-643.072778500803,"/dcl01/lieber/ajaffe/lab/libd_stem_timecourse/otherData/Marchetto/HISAT2_out/SRR1950858_accepted_hits.sorted.bam",FALSE,116562652,112007570,4555082,0.9609,0.9275,110351956,6808020,0.058108752087829,0.754019441940662,45417923,2563221,5201598,7051677,0,0,0,0,0,0,0,5.8126832440136e-06
"SRR1950859","SRR1950859","PASS","PASS","WARN/PASS","PASS","FAIL","PASS","WARN/PASS","PASS","WARN","PASS","PASS","FAIL","50","47","39.0","40.0","39.0","38.0",0.944066680465843,0.79176689575891,0.0187789170115747,0.0243297794853434,0.0278817164145417,"50","48","39.0","40.0","39.0","38.0",0.902688504335153,0.753813691836017,0.0177443082956486,0.02307770524314,0.0264670921829996,-623.141208488785,"/dcl01/lieber/ajaffe/lab/libd_stem_timecourse/otherData/Marchetto/HISAT2_out/SRR1950859_accepted_hits.sorted.bam",FALSE,91048914,87132308,3916606,0.957,0.9132,86639707,5382865,0.0584950505404261,0.711075612747794,33807807,2156976,5063421,6516398,0,0,0,0,0,0,0,9.16947970035442e-06
"SRR1950860","SRR1950860","PASS","PASS","WARN/PASS","PASS","FAIL","PASS","PASS","PASS","FAIL/WARN","PASS","PASS","FAIL","50","49","39.0","40.0","40.0","38.0",0.950888969518,0.804251100537312,0.00837833158284272,0.0114204194750102,0.013927204347526,"50","49","39.0","40.0","39.0","38.0",0.916677417801936,0.775725063743492,0.00787473640756054,0.0107881277549337,0.0130916093900207,-643.072778500803,"/dcl01/lieber/ajaffe/lab/libd_stem_timecourse/otherData/Marchetto/HISAT2_out/SRR1950860_accepted_hits.sorted.bam",FALSE,107228986,103942063,3286923,0.9693,0.938,101796589,6683681,0.0616119502652418,0.771259310339987,42858313,2450659,4426929,5833364,0,0,0,0,0,0,0,5.13319318004887e-06
"SRR1950861","SRR1950861","PASS","PASS","WARN/PASS","PASS","FAIL","PASS","PASS","PASS","WARN","PASS","PASS","FAIL","50","48","39.0","40.0","40.0","38.0",0.952442170555005,0.808049088640272,0.0186848451436309,0.0246686178153341,0.028851229695429,"50","49","39.0","40.0","39.0","38.0",0.91320253874744,0.771497080134975,0.0178056174210884,0.023621080785905,0.0276328712799059,-643.072778500803,"/dcl01/lieber/ajaffe/lab/libd_stem_timecourse/otherData/Marchetto/HISAT2_out/SRR1950861_accepted_hits.sorted.bam",FALSE,79615324,76633997,2981327,0.9626,0.9253,75183961,4719490,0.0590649082228,0.750636240463335,30818725,1773007,3191347,5273725,0,0,0,0,0,0,0,7.39809969426055e-06
"SRR1950862","SRR1950862","PASS","PASS","PASS/FAIL","PASS","FAIL","PASS","PASS","PASS","FAIL/WARN","PASS","PASS","FAIL","50","48","39.0","40.0","39.0","38.0",0.940981685774352,0.767881274839378,0.0112567708938325,0.0147736390642785,0.0170836409595572,"50","48","39.0","39.0","39.0","38.0",0.886698656003794,0.712055650538924,0.0106064594794449,0.013947783464412,0.0161301168611606,-643.072778500803,"/dcl01/lieber/ajaffe/lab/libd_stem_timecourse/otherData/Marchetto/HISAT2_out/SRR1950862_accepted_hits.sorted.bam",FALSE,100259658,95925982,4333676,0.9568,0.9203,93990152,6078129,0.060739816246069,0.76025191633761,39244562,2160455,4132045,6083409,0,0,0,0,0,0,0,5.88616583362556e-06
"SRR1950863","SRR1950863","PASS","PASS","WARN/PASS","PASS","FAIL","PASS","WARN/PASS","PASS","FAIL","PASS","PASS","FAIL","50","48","39.0","40.0","39.0","38.0",0.941032209911269,0.78511786815775,0.00733008696717005,0.0105581997766336,0.013148163838367,"50","48","39.0","40.0","39.0","38.0",0.906337657869053,0.755132825128343,0.00687303448568768,0.00993442374844694,0.0123260442804805,-643.072778500803,"/dcl01/lieber/ajaffe/lab/libd_stem_timecourse/otherData/Marchetto/HISAT2_out/SRR1950863_accepted_hits.sorted.bam",FALSE,139152510,133589144,5563366,0.96,0.9277,130426810,9921203,0.0706900139726239,0.746611323833551,53876658,2970645,6681327,8632957,0,0,0,0,0,0,0,7.25731725973055e-06
"SRR1950864","SRR1950864","PASS","PASS","WARN/FAIL","PASS","FAIL","PASS","PASS","PASS","FAIL/WARN","PASS","PASS","FAIL","50","48","39.0","40.0","40.0","38.0",0.943565668770624,0.777978003660043,0.0274512369274076,0.0327738431713476,0.0371197575471769,"50","49","39.0","39.0","39.0","37.0",0.866029599959037,0.698819496591874,0.0270649334273339,0.0317515966452092,0.0355508551247077,-623.141208488785,"/dcl01/lieber/ajaffe/lab/libd_stem_timecourse/otherData/Marchetto/HISAT2_out/SRR1950864_accepted_hits.sorted.bam",FALSE,109758260,103620779,6137481,0.9441,0.8985,99326409,10350758,0.0943747753805494,0.740658623709769,42435310,2504558,6105766,6248386,0,0,0,0,0,0,0,5.60853685291801e-06
"SRR1950865","SRR1950865","PASS","PASS","PASS/FAIL","PASS","FAIL","PASS","PASS","PASS","FAIL/WARN","PASS","PASS","FAIL","50","48","39.0","40.0","39.0","38.0",0.939273535626914,0.764049245079587,0.00754033502909225,0.0102522941669441,0.0124759725863516,"50","48","39.0","39.0","39.0","38.0",0.883936857906853,0.707749117460618,0.00713850401161833,0.00969837571257767,0.0117795722174227,-643.072778500803,"/dcl01/lieber/ajaffe/lab/libd_stem_timecourse/otherData/Marchetto/HISAT2_out/SRR1950865_accepted_hits.sorted.bam",FALSE,124928136,119416751,5511385,0.9559,0.9188,116551251,8393738,0.0671794688780996,0.753303817474579,48690706,2716973,5542818,7685716,0,0,0,0,0,0,0,7.10607893013505e-06
"SRR1950866","SRR1950866","PASS","PASS","WARN/PASS","PASS","FAIL","PASS","WARN/PASS","PASS","WARN","PASS","PASS","FAIL","50","47","39.0","40.0","40.0","38.0",0.956817132190931,0.831507447676119,0.0134681779184015,0.0183747776231983,0.0214161763600312,"50","47","39.0","40.0","40.0","39.0",0.920538219129762,0.798141040830248,0.0125406736119276,0.0171088871301867,0.0199505157087022,-643.072778500803,"/dcl01/lieber/ajaffe/lab/libd_stem_timecourse/otherData/Marchetto/HISAT2_out/SRR1950866_accepted_hits.sorted.bam",FALSE,98112752,93863498,4249254,0.9567,0.8776,93086303,5549971,0.0562670382297693,0.690619877697432,35311788,3337358,5146845,7334579,0,0,0,0,0,0,0,7.02315045615929e-06
"SRR1950867","SRR1950867","PASS","PASS","WARN/PASS","PASS","FAIL","PASS","PASS","PASS","FAIL/WARN","PASS","PASS","FAIL","50","48","39.0","40.0","40.0","38.0",0.95091955098216,0.804800670515454,0.00868782187936807,0.0120920296361817,0.0147888004685325,"50","49","39.0","40.0","39.0","38.0",0.915432298570013,0.774902098885569,0.00818782886508607,0.0114235992589323,0.013911153156229,-623.141208488785,"/dcl01/lieber/ajaffe/lab/libd_stem_timecourse/otherData/Marchetto/HISAT2_out/SRR1950867_accepted_hits.sorted.bam",FALSE,112801576,108648037,4153539,0.9632,0.9298,106702053,6995950,0.0615309839698768,0.755209095390483,44131080,2557971,5036563,6709964,0,0,0,0,0,0,0,5.82356017573103e-06
"SRR1950868","SRR1950868","PASS","FAIL/PASS","FAIL","PASS","FAIL","PASS","FAIL/PASS","PASS","WARN","PASS","PASS","FAIL","50","49","39.0","40.0","40.0","38.0",0.935722252514589,0.741004894780468,0.0104228594140883,0.0137394916647403,0.0173404908742444,"50","49","39.0","40.0","38.0","38.0",0.881981199631042,0.720467574129272,0.0112921677338949,0.015105337109589,0.0182613683316666,-623.141208488785,"/dcl01/lieber/ajaffe/lab/libd_stem_timecourse/otherData/Marchetto/HISAT2_out/SRR1950868_accepted_hits.sorted.bam",FALSE,135740102,127735609,8004493,0.941,0.8955,125024203,9701745,0.072010961095631,0.729344169296604,51353201,2895274,7299899,8861733,0,0,0,0,0,0,0,7.12711170624008e-06
"SRR1950869","SRR1950869","PASS","PASS","WARN/FAIL","PASS","FAIL","PASS","PASS","PASS","FAIL/WARN","PASS","PASS","FAIL","50","49","39.0","40.0","39.0","38.0",0.941860268785434,0.768176726817311,0.0134012162499506,0.0174472677438009,0.0211350154458384,"50","49","39.0","39.0","38.0","38.0",0.873749712007192,0.698593443289296,0.0130707259944885,0.0166799413585944,0.0199701190998532,-643.072778500803,"/dcl01/lieber/ajaffe/lab/libd_stem_timecourse/otherData/Marchetto/HISAT2_out/SRR1950869_accepted_hits.sorted.bam",FALSE,122242636,115217934,7024702,0.9425,0.9009,113491982,6968947,0.05785234314439,0.750680270537067,47110179,2641381,5476098,7528992,0,0,0,0,0,0,0,5.43406977927212e-06
"SRR1950870","SRR1950870","PASS","PASS","WARN/PASS","PASS","FAIL","PASS","WARN/PASS","PASS","WARN","PASS","PASS","FAIL","50","49","39.0","40.0","40.0","38.0",0.953984182899979,0.826102891725742,0.016278654444605,0.0212326411160523,0.0246455059919686,"50","49","39.0","40.0","40.0","39.0",0.923633131175008,0.799309093946411,0.0153987752187829,0.0201714534436971,0.0234367830150816,-643.072778500803,"/dcl01/lieber/ajaffe/lab/libd_stem_timecourse/otherData/Marchetto/HISAT2_out/SRR1950870_accepted_hits.sorted.bam",FALSE,112515442,108323081,4192361,0.9627,0.9314,107291313,5719683,0.0506117387019578,0.739624547889634,42882026,2442543,4647679,8005852,0,0,0,0,0,0,0,7.39237460468869e-06
"SRR1950871","SRR1950871","PASS","PASS","WARN/FAIL","PASS","FAIL","PASS","PASS","PASS","FAIL/WARN","PASS","PASS","FAIL","50","49","39.0","40.0","40.0","38.0",0.94386234556851,0.779368162280024,0.0149934479435454,0.0202757138104566,0.0241819139940055,"50","49","39.0","39.0","39.0","37.0",0.87070981215129,0.700731975625689,0.0135795955594959,0.018167530801278,0.0215447171752048,-643.072778500803,"/dcl01/lieber/ajaffe/lab/libd_stem_timecourse/otherData/Marchetto/HISAT2_out/SRR1950871_accepted_hits.sorted.bam",FALSE,127028820,120332652,6696168,0.9473,0.9009,119554105,6975899,0.0551323700266381,0.753805297215396,49693828,2830610,6244366,7155153,0,0,0,0,0,0,0,7.38522296974184e-06
"SRR1950872","SRR1950872","PASS","PASS","WARN","PASS","FAIL","PASS","PASS","PASS","WARN","PASS","PASS","FAIL","50","48","39.0","40.0","40.0","38.0",0.942349233387236,0.766946715137372,0.0118628345996427,0.0157348299594548,0.0191295848468674,"50","48","39.0","39.0","38.0","38.0",0.879950582336818,0.70337943617353,0.011343277238065,0.0147991565209574,0.0178036556526148,-643.072778500803,"/dcl01/lieber/ajaffe/lab/libd_stem_timecourse/otherData/Marchetto/HISAT2_out/SRR1950872_accepted_hits.sorted.bam",FALSE,85072416,80999519,4072897,0.9521,0.9119,78184962,6933306,0.0814549703948393,0.736222822897032,32462002,1774070,4197004,5659556,0,0,0,0,0,0,0,7.11601213012062e-06
"SRR1950873","SRR1950873","PASS","PASS","WARN","PASS","FAIL","PASS","PASS","PASS","FAIL/WARN","PASS","PASS","FAIL","50","49","39.0","40.0","40.0","38.0",0.94179606410785,0.763489460456041,0.0171309710613977,0.0220866658226874,0.0263814129783107,"50","49","39.0","39.0","38.0","38.0",0.879812214051893,0.700317105148912,0.0169516113478942,0.0213904111868037,0.0253405617275069,-643.072778500803,"/dcl01/lieber/ajaffe/lab/libd_stem_timecourse/otherData/Marchetto/HISAT2_out/SRR1950873_accepted_hits.sorted.bam",FALSE,141614856,134888959,6725897,0.9525,0.9155,134487570,7346199,0.0517944284481364,0.744782422881248,54734668,3016185,7042311,8697652,0,0,0,0,0,0,0,6.54064440474911e-06
"SRR1950874","SRR1950874","PASS","PASS","WARN/PASS","PASS","FAIL","PASS","WARN/PASS","PASS","WARN","PASS","PASS","FAIL","50","47","39.0","40.0","40.0","38.0",0.956081044630935,0.831117480481716,0.0253447523258297,0.0328950072145034,0.0374809894972365,"50","47","39.0","40.0","40.0","39.0",0.921373799007119,0.799191843580164,0.0238825550762626,0.0311846795225855,0.0357152755458654,-643.072778500803,"/dcl01/lieber/ajaffe/lab/libd_stem_timecourse/otherData/Marchetto/HISAT2_out/SRR1950874_accepted_hits.sorted.bam",FALSE,90275098,87302273,2972825,0.9671,0.8675,84918280,6837157,0.0745150066693051,0.681529422974201,32288003,3586256,4672642,6828901,0,0,0,0,0,0,0,9.87983059838046e-06
"SRR1950875","SRR1950875","PASS","PASS","WARN/PASS","PASS","FAIL","PASS","WARN/PASS","PASS","FAIL","PASS","PASS","FAIL","50","49","39.0","40.0","39.0","38.0",0.940558692396508,0.783045195062662,0.00888656218545395,0.0118708554566885,0.0141364507101477,"50","49","39.0","40.0","39.0","38.0",0.898150173092094,0.741409630849554,0.00834368299606141,0.0112123059854651,0.0133884495543085,-643.072778500803,"/dcl01/lieber/ajaffe/lab/libd_stem_timecourse/otherData/Marchetto/HISAT2_out/SRR1950875_accepted_hits.sorted.bam",FALSE,129678944,125568193,4110751,0.9683,0.9419,124043387,7493364,0.0569678355519059,0.757398167204513,51003338,2719906,5750487,7866461,0,0,0,0,0,0,0,7.23482059154638e-06
"SRR1950876","SRR1950876","PASS","PASS","WARN","PASS","FAIL","PASS","PASS","PASS","FAIL/WARN","PASS","PASS","FAIL","50","49","39.0","40.0","40.0","38.0",0.943281189221727,0.779377372080473,0.0152793480796207,0.0205534232300063,0.0248176605256875,"50","49","39.0","39.0","39.0","37.0",0.878522264303415,0.713543406727107,0.0142150792483506,0.0190164643390873,0.0227492834161935,-623.141208488785,"/dcl01/lieber/ajaffe/lab/libd_stem_timecourse/otherData/Marchetto/HISAT2_out/SRR1950876_accepted_hits.sorted.bam",FALSE,139626376,131981895,7644481,0.9453,0.9046,132544209,6849928,0.0491407181637776,0.733443230921906,53263785,3030727,7818507,8508532,0,0,0,0,0,0,0,6.55229439665243e-06
"SRR1950877","SRR1950877","PASS","PASS","WARN","PASS","FAIL","PASS","PASS","PASS","FAIL/WARN","PASS","PASS","FAIL","50","49","39.0","40.0","40.0","38.0",0.943876041462992,0.775508634752356,0.0161806241939288,0.0203824588217536,0.0239629204474128,"50","49","39.0","39.0","38.0","38.0",0.880092814966052,0.710443278953641,0.0159082171184808,0.019629333377868,0.0228198789935723,-643.072778500803,"/dcl01/lieber/ajaffe/lab/libd_stem_timecourse/otherData/Marchetto/HISAT2_out/SRR1950877_accepted_hits.sorted.bam",FALSE,112331884,106589044,5742840,0.9489,0.9087,107009312,5116110,0.0456284570326968,0.745464130457177,43419111,2460175,5633860,6731254,0,0,0,0,0,0,0,6.84030587360483e-06
"SRR1950878","SRR1950878","PASS","PASS","PASS/FAIL","PASS","FAIL","PASS","PASS","PASS","WARN","PASS","PASS","FAIL","50","49","39.0","40.0","39.0","38.0",0.939135489804007,0.764023430942032,0.0111461999408427,0.0146836927822645,0.0172824077748851,"50","49","39.0","39.0","39.0","38.0",0.885769670203529,0.71002546915423,0.0104568097777636,0.0137766840654024,0.0162626186396391,-643.072778500803,"/dcl01/lieber/ajaffe/lab/libd_stem_timecourse/otherData/Marchetto/HISAT2_out/SRR1950878_accepted_hits.sorted.bam",FALSE,125908382,120172559,5735823,0.9544,0.9199,120950999,5011363,0.0397846064525211,0.735583690496616,47943314,2620785,5854921,8758219,0,0,0,0,0,0,0,7.48800969411501e-06
